date,open,high,low,close,volume
3/21/1983,8.9675,9.03,8.8101,8.9975,510800
3/28/1983,8.8426,9.03,8.6551,8.6851,494800
3/29/1983,8.5926,8.8426,8.3427,8.4352,778000
4/28/1983,9.3424,9.4349,9.2475,9.3099,266800
5/2/1983,9.4049,9.4974,9.28,9.3724,541200
5/3/1983,9.3724,9.9048,9.3724,9.8423,496000
5/16/1983,11.4044,11.4669,11.2469,11.3094,588000
5/23/1983,11.9667,11.9967,11.7168,11.9667,452000
5/27/1983,12.5291,12.5916,12.3091,12.4041,317200
6/17/1983,13.6838,13.7787,13.5288,13.6538,109200
6/27/1983,16.0581,16.2131,15.3708,16.1206,584800
7/5/1983,15.9331,15.9331,15.4658,15.7782,486000
7/12/1983,16.2755,16.4005,15.8082,15.9031,347200
7/19/1983,14.1836,14.8084,14.1836,14.716,430400
7/20/1983,15.0584,15.7457,14.9959,15.7457,392400
7/28/1983,15.9031,15.9331,14.7785,14.8409,357200
7/29/1983,14.591,14.8709,14.5285,14.8709,572400
8/24/1983,13.8712,14.431,13.3064,13.4963,580400
9/21/1983,15.7457,15.8707,15.6207,15.7457,466000
10/14/1983,15.8707,15.9956,15.6807,15.9956,208800
10/19/1983,13.9962,15.1209,13.9962,15.0559,2044000
10/21/1983,15.3058,15.3058,14.496,14.746,401600
10/31/1983,15.6807,15.6807,14.8709,14.9959,493600
11/7/1983,14.556,14.556,13.8062,13.8062,846200
11/25/1983,16.2455,16.8704,16.2455,16.6854,142800
11/28/1983,16.6854,16.8104,16.5605,16.6854,113800
11/29/1983,16.6854,17.7451,16.6204,17.6852,846400
12/1/1983,16.9354,17.1853,16.6854,16.8104,505400
12/8/1983,17.1203,17.3702,16.4955,16.5605,555600
12/15/1983,16.1206,16.3105,15.9956,16.1856,553400
12/20/1983,16.1856,16.3705,16.1206,16.3105,216400
12/28/1983,16.5605,16.5605,16.2455,16.3705,112000
1/3/1984,16.8104,17.1203,16.7454,16.8704,341400
1/6/1984,17.7451,18.4349,17.6202,17.9951,922000
1/23/1984,17.4952,17.4952,17.1203,17.1853,714000
1/27/1984,15.3708,15.3708,14.496,15.0559,1074200
2/1/1984,14.556,14.746,13.8712,14.1811,1261200
2/9/1984,12.8715,13.9312,12.5566,13.4963,1406600
2/10/1984,13.6213,13.7462,12.8065,13.1814,1302800
2/28/1984,14.746,14.746,13.9962,14.1811,963600
3/1/1984,14.1811,14.746,14.1211,14.556,668200
3/2/1984,14.8709,15.2458,14.3711,14.496,1161800
3/15/1984,14.9309,15.0559,14.8059,14.9309,470200
3/16/1984,15.8707,15.8707,15.1209,15.2458,964600
3/19/1984,15.1209,15.1209,14.746,14.8709,392800
3/21/1984,14.746,14.8059,14.431,14.431,514800
4/2/1984,14.621,14.8059,14.431,14.621,1224400
5/2/1984,17.3103,17.6852,17.1203,17.3103,889000
5/8/1984,16.1206,16.6204,15.9956,16.6204,635400
5/31/1984,15.7457,15.9956,15.3708,15.8057,559600
6/12/1984,15.2458,15.5557,14.9959,15.5557,536400
6/15/1984,14.496,14.681,14.2461,14.681,837800
6/26/1984,15.7457,15.7457,14.9959,15.0559,883200
7/2/1984,15.3708,15.4958,15.0559,15.1808,404000
7/19/1984,14.621,14.621,13.1814,13.3064,1932800
7/24/1984,13.2464,13.4313,12.6815,12.8065,491400
8/8/1984,17.7451,17.8701,17.3103,17.3103,1068400
8/17/1984,19.3697,19.4347,19.1198,19.3697,984200
8/21/1984,19.4947,20.2445,19.4947,20.2445,1612600
8/28/1984,19.9945,20.2445,19.9945,20.1845,614200
9/6/1984,19.6846,19.8696,19.6196,19.7446,456400
9/7/1984,19.6846,19.7446,18.6849,19.0598,713400
9/18/1984,19.8696,19.8696,19.4947,19.6196,890600
9/24/1984,18.5599,18.6849,18.31,18.31,560200
9/26/1984,18.37,18.5599,17.7451,17.8701,935800
10/3/1984,16.4955,17.3702,16.1856,17.2453,1493400
10/9/1984,16.6854,16.6854,16.3105,16.4955,1021400
10/12/1984,17.1853,17.6202,17.1853,17.3702,1025400
10/17/1984,17.3702,17.4352,17.1203,17.3103,724400
10/18/1984,17.3103,18.31,17.3103,18.31,1431600
11/1/1984,16.1206,16.1856,15.2458,15.3058,1136200
11/16/1984,14.8709,14.9959,14.556,14.556,609200
12/24/1984,14.621,14.9959,14.556,14.8709,633200
1/7/1985,14.621,14.681,14.1811,14.3061,579800
1/8/1985,14.3061,14.3711,13.1814,13.4313,2018000
1/14/1985,15.3708,16.2455,15.3708,16.1206,1833400
2/5/1985,17.9351,18.0601,17.5602,17.6852,871400
2/6/1985,17.8101,17.8101,17.3702,17.3702,613800
2/13/1985,17.3702,17.9951,17.1853,17.9351,1384400
3/7/1985,15.6807,16.1206,15.6207,15.8707,710400
3/8/1985,15.8707,16.1856,15.8707,15.9956,668600
3/28/1985,16.4355,16.7454,16.3705,16.4955,1058200
3/29/1985,16.5605,16.6854,16.4955,16.6854,454600
4/8/1985,15.7457,15.8057,15.3708,15.6207,268400
4/11/1985,15.9956,16.0606,15.7457,15.7457,628000
4/19/1985,14.9309,15.0559,14.621,14.9959,952400
5/7/1985,13.4313,14.1211,13.2464,13.9312,1367600
5/13/1985,15.0559,15.0559,14.2461,14.2461,798600
5/15/1985,13.9962,14.431,13.9962,14.1211,485000
5/17/1985,14.496,14.8059,14.3711,14.621,469000
5/21/1985,14.8059,14.8059,14.3711,14.496,595400
5/28/1985,14.621,14.681,14.3061,14.3711,271800
6/18/1985,11.8717,11.9317,11.057,11.3069,911800
6/21/1985,12.3066,12.3716,11.8068,12.3066,792800
6/25/1985,13.1214,13.4963,12.8065,12.8715,1555800
6/26/1985,12.8715,13.0564,12.8065,12.8715,518000
7/12/1985,13.4313,13.8712,13.1814,13.2464,566800
7/15/1985,13.2464,13.4313,12.9964,12.9964,957200
7/22/1985,14.746,14.8059,14.3061,14.3061,977200
7/23/1985,14.8059,15.3708,14.681,14.681,2180000
8/1/1985,14.9959,15.3708,14.9959,15.1808,916000
8/13/1985,13.8712,14.1211,13.8062,13.9312,454400
8/22/1985,14.3061,14.3711,13.8712,13.9962,462800
8/26/1985,13.7462,13.7462,13.3713,13.3713,642800
8/27/1985,13.4313,13.8062,13.4313,13.7462,551600
9/3/1985,13.2464,13.4963,13.1214,13.1814,777400
9/10/1985,13.5563,13.5563,12.4966,12.6215,879400
10/2/1985,12.9315,12.9315,12.1217,12.1217,1074600
10/4/1985,12.1817,12.3066,11.9317,12.1217,655400
10/9/1985,11.9967,12.3066,11.6218,11.6218,759600
10/14/1985,12.1217,12.6815,12.1217,12.6815,745000
10/22/1985,12.2466,12.5566,12.1217,12.3066,1019800
10/25/1985,12.4966,12.4966,12.0567,12.0567,640600
11/7/1985,12.2466,12.4316,12.1817,12.3066,834200
11/13/1985,12.4966,12.6215,12.3716,12.4966,367600
12/10/1985,15.1209,15.3708,15.0559,15.1808,792400
12/12/1985,15.2458,15.3708,14.681,14.9309,1194000
12/17/1985,14.9309,14.9309,14.556,14.621,931000
1/2/1986,14.431,14.621,14.3061,14.431,546200
1/3/1986,14.3711,14.431,14.1811,14.3711,402200
1/21/1986,14.681,14.8709,14.3061,14.496,767200
1/27/1986,14.556,14.621,14.0561,14.1211,406600
2/3/1986,13.6213,13.6813,13.4313,13.5563,865400
2/13/1986,15.9956,15.9956,15.4308,15.5557,825600
2/25/1986,16.1206,16.1206,15.7457,15.8057,552800
3/25/1986,15.0559,15.1209,14.8709,15.0559,388200
3/31/1986,14.496,14.496,14.0561,14.2461,831000
4/4/1986,13.8712,14.1211,13.8062,13.9312,299800
4/10/1986,14.431,15.2458,14.431,14.9959,994600
4/14/1986,14.9959,15.4308,14.8709,15.2458,763800
4/18/1986,14.9959,14.9959,14.8059,14.9959,1010000
4/29/1986,15.0559,15.2458,14.556,14.746,1106400
5/22/1986,12.6815,12.7465,12.2466,12.6215,1100800
5/28/1986,12.3716,13.1214,12.1817,12.9964,801200
6/3/1986,12.7465,12.7465,12.3716,12.6215,536600
6/4/1986,12.5566,12.6815,12.1817,12.3066,637800
6/5/1986,12.1217,12.6215,11.8068,12.4966,1429600
6/9/1986,11.9967,12.0567,11.8717,11.9317,447200
6/11/1986,11.9967,12.4966,11.8717,12.4966,609800
6/19/1986,10.6221,11.1819,10.6221,10.932,745000
6/20/1986,11.057,11.1819,10.7471,10.872,467800
6/26/1986,10.7471,10.7471,10.3722,10.4971,620800
8/6/1986,7.248,7.373,7.188,7.313,310600
8/27/1986,9.4324,9.8073,9.3075,9.8073,1665200
9/5/1986,9.6224,9.9323,9.5574,9.8723,1471800
9/15/1986,8.7476,8.8726,8.5577,8.6226,873200
9/17/1986,8.4327,8.7476,8.4327,8.6826,646400
9/26/1986,8.4327,8.8076,8.1228,8.2477,899000
10/1/1986,7.9378,8.0578,7.8129,7.9378,328800
10/7/1986,6.9981,6.9981,6.4382,6.8131,1298400
10/8/1986,6.7482,6.8731,6.6232,6.8731,499200
10/10/1986,6.9981,7.313,6.9381,6.9981,833800
10/16/1986,7.373,7.438,7.248,7.313,361200
11/11/1986,8.1228,8.2477,7.9978,8.0578,579400
11/12/1986,7.9978,8.0578,7.8728,7.9378,640200
11/13/1986,7.9978,7.9978,7.8728,7.8728,650000
11/21/1986,7.6879,7.8728,7.5629,7.8129,545400
11/25/1986,7.9378,7.9378,7.8129,7.8728,285400
12/2/1986,8.3727,8.4327,8.1228,8.2477,1124400
12/3/1986,8.1828,8.2477,8.0578,8.0578,485800
12/5/1986,8.1228,8.3077,7.8129,7.8129,563600
12/26/1986,6.9981,7.0631,6.8731,7.0631,216800
12/29/1986,7.0631,7.0631,6.8131,6.8731,312800
1/9/1987,7.5629,7.7479,7.373,7.6229,883000
1/15/1987,9.2475,9.3724,8.9975,9.1225,2820000
1/22/1987,8.5577,9.1225,8.5577,9.0575,819000
1/27/1987,8.8076,9.1825,8.6826,8.8076,1615800
2/13/1987,10.7471,11.057,10.3722,10.997,1126800
3/3/1987,10.6821,10.6821,9.9973,10.3072,1571000
3/16/1987,10.3072,10.4971,10.1222,10.4971,463200
3/23/1987,10.6221,10.807,10.4321,10.6221,1028400
3/25/1987,10.0572,10.0572,9.5574,9.8723,1700400
3/27/1987,9.9323,10.0572,9.8073,9.9323,1151400
3/30/1987,9.6224,9.9323,9.3724,9.6224,914600
4/1/1987,9.6823,10.4321,9.6823,10.1822,1583400
4/6/1987,10.6221,10.6221,10.3722,10.4971,1084000
4/8/1987,10.2472,10.2472,9.8723,10.0572,833000
4/15/1987,10.1822,10.2472,9.9973,10.1822,596600
4/16/1987,10.2472,10.3072,9.9973,10.1822,1362200
5/14/1987,10.932,10.932,10.7471,10.807,942000
5/18/1987,10.5571,10.6221,10.0572,10.6221,562400
5/20/1987,10.2472,10.2472,9.9973,10.0572,611600
6/1/1987,10.872,11.122,10.807,11.057,859600
6/2/1987,10.997,10.997,10.6821,10.6821,799400
6/16/1987,9.9973,10.0572,9.8073,9.9323,1546400
6/17/1987,9.8723,10.1822,9.8723,9.9973,1048400
6/29/1987,9.4324,9.6823,9.4324,9.6224,752800
6/30/1987,9.6224,9.6224,9.4324,9.4974,570200
7/8/1987,9.1225,9.1825,8.6826,9.0575,1354600
7/13/1987,9.0575,9.4324,8.9975,9.2475,1064200
7/17/1987,9.1225,9.1225,8.6826,8.8076,808600
8/4/1987,9.0575,9.0575,8.8726,8.8726,831400
8/25/1987,11.057,11.3719,10.997,11.2469,1743400
9/1/1987,10.932,11.122,10.4321,10.4971,1015800
9/11/1987,10.5571,11.057,10.5571,10.807,1131200
9/23/1987,10.5571,11.2469,10.5571,11.1819,1879600
10/2/1987,12.2466,12.3716,12.0567,12.3066,4520000
10/5/1987,12.3066,12.4316,11.9967,12.3066,2500000
10/16/1987,9.4974,9.5574,8.7476,8.9975,1602600
10/19/1987,7.9978,8.1228,5.7484,5.7484,2223600
10/22/1987,6.1233,6.4982,5.4985,5.9984,1971200
11/9/1987,5.1236,5.1886,4.9986,5.0636,473000
11/20/1987,4.8737,5.2486,4.6887,4.9386,998400
11/25/1987,4.9386,5.0636,4.8137,4.9386,417400
12/2/1987,4.4388,4.6237,4.0639,4.3138,2146000
12/7/1987,4.1239,4.2488,4.0639,4.2488,474200
12/10/1987,4.3738,4.9386,4.3738,4.6237,1614200
12/17/1987,5.1886,5.2486,4.9986,4.9986,1909800
12/21/1987,5.2486,5.3735,5.1236,5.3135,1191000
12/28/1987,4.9386,4.9986,4.8137,4.9386,1016800
12/31/1987,4.8137,4.9986,4.6237,4.9386,882600
1/12/1988,4.9386,4.9986,4.6887,4.7487,1523800
2/8/1988,4.8137,4.9386,4.7487,4.8137,640400
3/7/1988,6.0633,6.3733,5.9984,6.3133,1125800
3/10/1988,6.7482,6.8131,6.2483,6.3133,1606800
3/21/1988,6.1883,6.1883,6.0633,6.0633,586200
3/24/1988,6.0633,6.0633,5.8134,5.9384,543000
3/30/1988,5.6235,5.6235,5.4985,5.4985,320600
4/7/1988,5.9384,6.3133,5.9384,6.2483,1778400
4/21/1988,6.4382,6.6232,6.1883,6.2483,685600
4/22/1988,6.3133,6.5632,6.3133,6.5632,522800
5/5/1988,7.123,7.438,6.9381,7.248,948600
5/9/1988,7.0631,7.123,6.5632,6.8131,1064000
5/10/1988,6.8731,6.9981,6.7482,6.9381,741400
5/27/1988,7.188,7.248,7.123,7.123,582800
6/10/1988,8.0578,8.1828,7.9978,7.9978,818200
6/22/1988,8.0578,8.1828,7.9378,7.9978,1197200
7/8/1988,8.0578,8.2477,8.0578,8.1828,956200
7/15/1988,7.438,7.4979,7.188,7.188,1566000
7/27/1988,6.8131,6.8131,6.3733,6.4382,954200
8/4/1988,6.8131,6.8131,6.6882,6.6882,280800
8/9/1988,6.3733,6.3733,6.1233,6.3133,1399800
8/19/1988,5.8134,5.9384,5.8134,5.9384,504200
8/23/1988,5.8734,5.8734,5.4985,5.6235,1890600
8/31/1988,5.9384,5.9384,5.6235,5.6884,1463400
9/1/1988,5.6235,5.6235,5.2486,5.3735,1144800
9/8/1988,5.4985,5.6235,5.3735,5.5635,711000
9/23/1988,5.5635,5.6884,5.5635,5.6884,633000
9/30/1988,4.8737,4.9986,4.4988,4.6237,4783200
10/13/1988,4.8737,5.2486,4.7487,5.2486,2515000
10/17/1988,4.8737,4.9386,4.6237,4.7487,533000
10/18/1988,4.7487,4.8137,4.6887,4.7487,389600
10/21/1988,4.6237,4.6887,4.5637,4.6887,541800
10/27/1988,4.3738,4.4388,4.2488,4.3138,1374000
10/31/1988,4.3738,4.5637,4.3138,4.4988,981200
11/1/1988,4.5637,4.5637,4.3138,4.4388,853000
11/3/1988,4.2488,4.4388,4.2488,4.3738,512600
12/6/1988,3.9389,3.9389,3.749,3.749,904800
12/16/1988,4.1239,4.4388,3.9989,4.3738,2397800
12/27/1988,4.3138,4.3738,4.2488,4.3138,580000
1/12/1989,4.3138,4.4988,4.3138,4.3738,645200
1/20/1989,4.3138,4.3738,4.2488,4.2488,1777600
2/1/1989,4.5637,4.5637,4.4988,4.4988,682400
2/28/1989,4.1889,4.1889,4.0639,4.1239,664000
3/17/1989,4.1239,4.1239,3.9989,4.0639,653600
3/21/1989,4.1889,4.1889,4.0639,4.1239,367600
3/22/1989,4.1239,4.1239,3.9989,3.9989,330800
5/2/1989,4.3738,4.4988,4.3738,4.3738,250200
5/12/1989,4.3738,4.5637,4.3138,4.5637,1485200
5/25/1989,4.6237,4.6887,4.5637,4.6887,580000
6/12/1989,5.0636,5.1886,4.9986,5.1886,468200
6/26/1989,5.0636,5.1236,4.9986,5.0636,275600
6/30/1989,4.8137,4.9386,4.8137,4.8737,714200
7/11/1989,4.9386,5.0636,4.6887,4.6887,1152200
7/17/1989,4.6237,4.7487,4.6237,4.6887,214000
7/24/1989,4.3738,4.4988,4.3738,4.4988,763000
7/27/1989,4.4388,4.4388,4.3738,4.4388,217200
8/11/1989,4.3138,4.3738,4.3138,4.3138,572600
8/18/1989,4.1889,4.2488,4.1889,4.2488,166400
9/5/1989,4.2488,4.2488,4.1889,4.1889,945000
9/11/1989,4.1239,4.2488,4.1239,4.1889,331800
9/14/1989,4.4388,4.4988,4.3738,4.3738,665200
9/15/1989,4.3738,4.4388,4.3138,4.3738,650600
10/3/1989,4.4388,4.4388,4.3138,4.3738,341800
10/6/1989,4.2488,4.3138,4.1889,4.3138,213400
10/10/1989,4.3738,4.4988,4.3138,4.3738,1339200
10/16/1989,3.9389,4.1889,3.749,4.1889,1035200
10/20/1989,4.1889,4.2488,4.1239,4.1239,369400
10/23/1989,4.1239,4.1889,4.1239,4.1889,299600
10/26/1989,3.9989,4.0639,3.9389,3.9389,403000
11/14/1989,3.8739,3.9389,3.814,3.814,176400
11/15/1989,3.814,3.8739,3.749,3.749,171400
11/28/1989,3.814,3.814,3.749,3.814,361600
12/4/1989,3.814,3.814,3.749,3.814,355600
12/27/1989,3.9989,3.9989,3.8739,3.9389,883000
1/10/1990,3.8739,3.8739,3.8115,3.8115,1191600
1/11/1990,3.8115,3.8739,3.8115,3.8739,395400
1/18/1990,3.8115,3.8739,3.749,3.8115,501400
1/30/1990,3.6865,3.749,3.5615,3.624,313000
2/26/1990,3.8739,4.1239,3.8739,4.0614,1289400
2/27/1990,4.1864,4.3738,4.1864,4.3113,2304400
3/5/1990,4.4988,4.6237,4.3738,4.6237,1325000
3/27/1990,4.8112,4.9361,4.7487,4.8737,770800
4/2/1990,4.5613,4.6862,4.4363,4.6862,1291600
5/11/1990,4.5613,4.7487,4.4988,4.7487,2194800
5/25/1990,5.3735,5.3735,4.9986,5.3735,1856200
5/30/1990,5.4985,5.6884,5.3735,5.3735,1559800
6/21/1990,4.5613,4.6237,4.4988,4.6237,371400
6/26/1990,4.4988,4.5613,4.4363,4.4988,331000
6/28/1990,4.5613,4.6862,4.4988,4.6862,1693400
7/3/1990,4.8737,4.8737,4.7487,4.7487,403400
7/10/1990,4.6862,4.6862,4.4988,4.4988,284600
8/1/1990,3.499,3.499,3.4366,3.4366,836000
8/14/1990,2.8742,3.0617,2.8742,2.9992,3057800
8/15/1990,2.9992,3.0617,2.9992,2.9992,1474400
8/23/1990,2.8117,2.8117,2.6243,2.7492,613400
9/19/1990,2.8117,2.8742,2.7492,2.8742,291800
9/27/1990,2.6868,2.7492,2.5618,2.6243,535000
10/2/1990,2.6868,2.8742,2.6868,2.6868,877200
10/8/1990,2.4993,2.5618,2.2494,2.3119,916800
10/23/1990,1.9995,2.0619,1.8745,1.9995,224000
10/31/1990,1.9995,2.0619,1.937,1.937,491200
11/15/1990,2.3743,2.4368,2.1244,2.1244,1082400
11/16/1990,2.1244,2.1869,2.1244,2.1244,436800
11/26/1990,1.9995,2.0619,1.9995,2.0619,508200
12/4/1990,2.1869,2.1869,2.1244,2.1869,413000
12/5/1990,2.1869,2.3119,2.1244,2.3119,855200
1/11/1991,2.4368,2.5618,2.4368,2.4993,673400
1/25/1991,3.4366,3.749,3.4366,3.624,3632400
2/6/1991,3.9989,4.0614,3.9364,3.9364,1883200
3/7/1991,4.8112,4.9361,4.7487,4.7487,2358000
3/8/1991,4.7487,4.8112,4.5613,4.6862,1802800
3/11/1991,4.7487,4.8112,4.6237,4.6862,2059400
3/20/1991,5.3735,5.3735,5.2486,5.2486,3467000
4/16/1991,6.6882,6.9381,6.5632,6.9381,4359600
4/26/1991,6.3133,6.3133,5.9984,6.1883,2109600
5/1/1991,6.0633,6.1883,5.9984,6.1883,1296000
5/6/1991,5.9984,6.1883,5.9384,5.9984,1193800
5/8/1991,5.8134,6.0633,5.8134,5.9384,1146800
5/10/1991,6.3133,6.3733,6.0633,6.1233,1141600
5/13/1991,6.1233,6.2483,5.9984,5.9984,720400
5/21/1991,5.9384,6.0633,5.8734,5.9984,2806000
5/29/1991,6.4982,6.4982,6.3733,6.4382,1232000
6/6/1991,6.7482,6.8731,6.6882,6.7482,1192400
6/28/1991,5.9984,6.1883,5.8134,5.9984,1007600
7/12/1991,6.4982,6.5632,6.3733,6.4982,1230000
7/18/1991,5.8134,5.9384,5.7484,5.8134,1425800
7/24/1991,5.1886,5.3735,5.1886,5.3135,1704200
8/2/1991,5.8134,5.8134,5.5635,5.7484,1251600
8/6/1991,5.6235,5.8134,5.4985,5.6884,1258800
8/9/1991,5.6235,5.6884,5.4985,5.4985,487800
8/26/1991,5.8134,5.8134,5.7484,5.7484,288400
8/30/1991,6.1233,6.3133,6.1233,6.1883,20519000
9/9/1991,5.9384,5.9984,5.8734,5.9984,471200
9/18/1991,5.1886,5.3735,5.1236,5.3735,1043400
9/19/1991,5.3135,5.3735,5.1886,5.2486,862200
9/23/1991,5.1886,5.2486,5.1236,5.1236,647600
9/27/1991,5.2486,5.3735,4.6862,4.8112,3292800
10/2/1991,4.4363,4.6862,4.4363,4.6862,2533200
10/4/1991,4.3113,4.5613,4.2488,4.4988,3333400
10/14/1991,5.5635,5.6235,5.3135,5.5635,3919000
10/24/1991,5.4385,5.4385,5.2486,5.3135,907600
10/25/1991,5.2486,5.3135,5.1236,5.1886,527800
11/11/1991,6.4382,6.4982,6.4382,6.4982,765800
11/14/1991,6.9981,7.0631,6.6882,6.8731,2573600
11/27/1991,7.123,7.313,7.0631,7.188,2492200
12/4/1991,7.4979,7.6229,7.373,7.4979,2456600
12/5/1991,7.4979,7.7479,7.438,7.4979,2198600
12/10/1991,7.373,7.438,7.313,7.438,980800
12/12/1991,7.6229,7.8728,7.5629,7.8728,2644200
12/30/1991,8.3727,8.6226,8.3727,8.4977,2880800
1/13/1992,9.6873,10.1222,9.5624,9.9373,3997200
1/21/1992,9.8123,10.1222,9.6873,9.9973,6366800
1/22/1992,9.9973,10.5621,9.9973,10.4971,5825800
1/29/1992,10.4371,10.6871,10.3722,10.4971,2728600
2/7/1992,10.0622,10.1872,9.9373,10.1222,2201800
2/13/1992,10.3122,10.3122,9.9373,9.9973,2988400
2/19/1992,9.6873,9.7473,9.4974,9.6224,2338000
2/20/1992,9.7473,9.9973,9.6873,9.9373,3155800
3/9/1992,8.6226,8.9975,8.5627,8.9975,1997000
3/26/1992,9.5624,9.8123,9.4974,9.5624,1719400
4/7/1992,9.7473,9.7473,8.8126,8.8126,6600000
4/23/1992,8.0628,8.1228,7.438,7.4979,3813600
4/27/1992,7.438,7.6229,7.438,7.6229,865000
4/28/1992,7.8728,7.9378,7.7479,7.7479,1767000
5/12/1992,9.2475,9.2475,8.9376,8.9975,1146200
5/14/1992,8.2477,8.2477,7.6229,7.8129,8015400
5/20/1992,7.8728,7.9978,7.373,7.438,4791200
5/28/1992,7.7479,7.8728,7.6229,7.8129,1846400
6/4/1992,7.6879,7.6879,7.4979,7.4979,934600
6/8/1992,7.438,7.4979,7.248,7.313,1181000
6/9/1992,7.373,7.6879,7.313,7.6879,1686000
6/16/1992,7.6229,7.6879,7.438,7.4979,997000
6/18/1992,4.5613,4.8112,4.3738,4.4988,16687800
6/22/1992,4.8737,4.9361,4.7487,4.8737,3017000
6/24/1992,4.4988,4.4988,4.3113,4.4363,2744400
6/25/1992,4.4363,4.4988,4.3113,4.3738,1574000
6/26/1992,4.3738,4.4363,4.2488,4.3113,2324200
7/1/1992,4.3738,4.4363,4.3113,4.3738,2176200
7/2/1992,4.1239,4.1864,3.6865,3.8115,5679000
7/7/1992,3.8739,3.9989,3.8115,3.8739,2154200
7/8/1992,3.8739,4.0614,3.8115,3.8739,2021000
7/13/1992,4.2488,4.3738,4.1864,4.2488,3183200
7/23/1992,4.3738,4.3738,4.2488,4.3113,494600
8/4/1992,4.7487,4.8112,4.6237,4.6862,1812600
8/7/1992,4.6862,4.7487,4.5613,4.6862,1541200
8/11/1992,4.5613,4.6237,4.4988,4.4988,771400
8/24/1992,4.2488,4.3113,4.1864,4.2488,1230600
8/31/1992,4.8737,5.0636,4.8112,5.0636,3157400
9/3/1992,5.8734,5.9384,5.6884,5.6884,4328400
9/4/1992,5.6884,5.7484,5.4385,5.5635,1909600
9/8/1992,5.5635,5.6235,5.3735,5.4985,837000
9/18/1992,6.1233,6.2483,6.0633,6.1233,987600
9/28/1992,5.6235,5.8134,5.4985,5.7484,930400
10/2/1992,5.4385,5.6884,5.4385,5.6235,1918800
10/9/1992,6.1883,6.2483,5.6884,5.9384,5602000
11/13/1992,8.1878,8.2477,8.0628,8.2477,1004200
11/23/1992,8.9975,9.3124,8.9376,9.2475,2875800
12/14/1992,8.4377,8.5627,8.3127,8.3727,1161600
12/16/1992,8.1228,8.4377,7.9378,8.3127,2873600
12/24/1992,8.7476,8.9376,8.6876,8.8126,839400
12/28/1992,8.8726,8.8726,8.7476,8.8726,875000
1/7/1993,10.1222,10.3122,9.8723,9.9973,5842800
2/10/1993,10.1222,10.1222,9.8123,9.8723,1943000
2/11/1993,10.0622,10.4971,9.9973,10.4971,3184000
2/26/1993,11.122,11.122,10.7471,10.872,1337200
3/18/1993,11.5618,11.6868,11.3719,11.6218,1207800
3/19/1993,11.6868,11.6868,11.2469,11.3119,1341000
4/1/1993,11.4969,11.4969,11.1869,11.3119,1125400
4/15/1993,12.2466,12.2466,11.9967,12.1867,1022000
4/16/1993,12.1867,12.1867,11.8717,12.0617,1496000
4/27/1993,14.496,14.9359,14.2461,14.8709,3298000
4/29/1993,14.8709,14.9359,14.561,14.561,1769000
5/5/1993,15.1209,15.3108,14.686,14.746,2085400
5/12/1993,14.561,14.621,14.436,14.436,988400
5/13/1993,14.3111,14.496,14.1861,14.436,1272800
5/27/1993,15.3108,15.3708,14.686,14.686,2125600
6/4/1993,14.3111,14.3111,13.9962,13.9962,713000
6/9/1993,11.8717,11.9967,11.4369,11.4969,3360000
6/14/1993,10.7471,10.7471,10.4971,10.6871,2789600
6/15/1993,10.997,11.3119,10.812,10.872,4831200
6/16/1993,11.062,11.062,10.3722,10.4971,6180400
6/17/1993,10.6221,10.6221,10.1872,10.3122,3017000
6/18/1993,10.4371,10.6221,10.2472,10.3722,3165000
7/1/1993,12.0617,12.2466,11.8717,12.0617,1887800
7/7/1993,11.7468,12.0617,11.7468,11.9967,2045400
7/8/1993,12.1217,12.4366,11.9967,12.4366,1574800
7/12/1993,12.4966,12.4966,12.0617,12.3116,1636200
7/14/1993,12.2466,12.5616,12.1867,12.4966,1429200
7/19/1993,11.4969,11.7468,11.4969,11.6218,1349200
8/6/1993,13.8112,14.1211,13.6863,14.1211,2536800
8/31/1993,15.8707,16.2455,15.8707,16.1856,2652600
9/1/1993,15.9956,16.1206,15.8107,15.8107,1276400
9/2/1993,15.6207,15.7457,15.3108,15.4958,1747000
9/3/1993,15.5607,15.6857,14.2461,14.496,8231800
9/9/1993,13.5613,14.0611,13.4963,13.8712,2849800
9/14/1993,13.9362,13.9362,13.7462,13.8712,1449800
9/22/1993,14.561,15.0609,14.561,14.9359,1407000
10/11/1993,10.3722,10.5621,10.0622,10.0622,4376800
10/13/1993,10.1222,10.4971,9.9973,10.0622,2981800
10/20/1993,9.7473,9.9373,9.3724,9.4374,2230600
10/22/1993,10.0622,10.2472,9.8723,9.9973,2317000
10/25/1993,9.8723,10.1222,9.8123,9.8723,2236200
10/26/1993,9.9373,9.9373,9.4974,9.6873,3151200
11/5/1993,9.4374,9.7473,9.3724,9.6224,1408200
11/10/1993,9.7473,9.9373,9.5624,9.8123,2258600
11/16/1993,10.0622,10.0622,9.6224,9.8123,1888200
11/30/1993,9.4374,9.5624,9.3724,9.4974,1029000
12/20/1993,9.0625,9.0625,8.8126,8.8726,1062600
12/21/1993,8.6226,8.6876,8.4977,8.5627,1791400
12/31/1993,8.8726,9.0625,8.8726,8.8726,1021400
1/31/1994,10.3122,10.3722,10.1872,10.2472,1577000
2/4/1994,10.4371,10.4371,10.0622,10.1872,2424000
2/24/1994,10.937,10.937,10.6221,10.7471,1363600
2/28/1994,10.6871,10.812,10.6871,10.7471,498600
3/9/1994,11.062,11.6218,11.062,11.3719,2927000
3/30/1994,14.746,15.4958,14.686,15.4358,4935600
4/7/1994,14.686,14.686,14.0611,14.2461,3524200
5/3/1994,13.1214,13.1214,12.5616,12.9365,3369800
5/9/1994,12.1217,12.4016,12.0617,12.3716,1276200
6/6/1994,14.2461,14.3711,13.9362,13.9962,1371000
6/10/1994,13.1864,13.4963,13.1214,13.4363,1362200
7/5/1994,12.9964,13.1864,12.8715,12.9365,951600
7/13/1994,13.4363,13.4363,13.0614,13.2464,1566000
7/14/1994,13.3114,13.4963,12.9964,12.9964,1437600
7/21/1994,12.2466,12.9964,12.2466,12.9365,2212600
7/22/1994,12.8715,13.0614,12.7465,12.9365,968600
8/4/1994,13.4963,13.4963,13.1864,13.1864,777800
8/17/1994,14.0611,14.3711,14.0611,14.3711,1059800
8/24/1994,14.561,14.686,14.436,14.561,1157200
9/9/1994,13.9362,13.9962,13.8112,13.9362,602000
9/15/1994,14.496,14.8709,14.496,14.686,1151000
9/21/1994,14.8109,14.8709,14.2461,14.561,1751000
10/7/1994,12.3116,12.4966,12.0617,12.3116,2582200
10/10/1994,12.4966,12.6215,12.3116,12.6215,2241000
10/19/1994,11.6868,11.8118,11.4969,11.6218,2482000
10/31/1994,13.1214,13.3713,12.8115,13.2464,2447400
11/18/1994,12.3716,12.6215,12.3116,12.6215,1693800
11/21/1994,12.7465,13.0614,12.6865,12.8115,2440200
11/28/1994,12.7465,12.8115,12.4966,12.7465,1713600
12/14/1994,11.4369,11.6868,11.2469,11.6868,2051000
1/3/1995,12.6215,12.8115,12.4366,12.4966,1197200
1/5/1995,12.7465,12.8715,12.6865,12.7465,1332400
2/3/1995,15.7457,15.9956,15.6207,15.6857,4347400
2/9/1995,15.6207,15.7457,15.4358,15.6207,3951400
3/2/1995,14.8709,15.1209,14.686,14.9359,1151000
3/9/1995,16.9953,17.1203,16.6204,17.0603,3176600
3/15/1995,17.3702,17.4352,17.2453,17.3103,1097800
3/31/1995,16.4955,17.1203,16.1206,16.9354,3820000
4/3/1995,16.8704,17.0603,16.5605,17.0603,1735600
4/19/1995,16.9953,16.9953,16.2455,16.3705,1717400
4/24/1995,16.9953,17.6202,16.9953,17.4352,2791000
5/4/1995,17.375,17.94,17.125,17.375,3452000
5/26/1995,16.94,17.125,16.625,17,1764000
5/30/1995,17.065,17.125,16.25,16.44,2306800
6/2/1995,16.815,17.19,16.625,17.065,1311200
6/12/1995,17.315,17.375,17.065,17.25,2629200
6/27/1995,18.5,18.875,18.065,18.125,3988600
6/28/1995,18.125,18.565,17.75,18.315,3538600
7/14/1995,17.065,17.44,17,17.44,4867600
7/17/1995,17.565,17.69,17.125,17.19,3377600
7/27/1995,16.565,16.94,16.44,16.75,1785000
8/7/1995,16.065,16.25,16,16.125,1420200
8/21/1995,17.815,18,17.065,17.19,3683000
8/24/1995,16.875,17,16.69,16.75,2302600
8/31/1995,16.75,17.125,16.69,16.875,2018800
9/20/1995,17.125,17.19,17.065,17.19,1856400
9/21/1995,17,17.065,16.44,16.565,4935000
9/25/1995,16.375,16.44,15.5,15.565,5565600
9/26/1995,15,15.815,14.75,14.875,8248000
10/2/1995,14.44,14.625,14.315,14.315,2406200
10/5/1995,13.5,13.875,13.315,13.625,2921800
10/23/1995,13.125,14.25,13.125,13.75,8146000
10/25/1995,13,13,12.565,12.75,3783400
10/30/1995,12.125,12.315,11.815,12.25,3087000
10/31/1995,12.25,12.25,11.375,11.75,1611800
11/8/1995,11.315,11.44,10.375,10.5,5382000
11/9/1995,10.875,11.25,10.75,11.19,3899000
11/15/1995,10.565,10.875,10.565,10.815,1783800
12/7/1995,10,10.125,9.815,9.875,2594000
12/11/1995,9.94,9.94,9.625,9.69,2511400
1/2/1996,8.25,8.625,8.19,8.625,2033400
1/19/1996,9.4375,9.6875,9.25,9.375,2052800
1/26/1996,9.875,10.4375,9.875,10.375,2647400
2/6/1996,10.375,10.625,10.1875,10.4375,4126000
2/7/1996,10.4375,10.5,10.125,10.3125,1823200
3/11/1996,8.81,9,8.75,8.81,1108000
3/12/1996,8.75,8.81,8.56,8.625,1199000
3/19/1996,9.125,9.19,8.94,9.06,1459200
4/10/1996,9.0625,9.0625,8.75,8.8125,3076800
4/26/1996,9.25,9.5,9.125,9.375,1375600
5/6/1996,9.875,9.875,9.625,9.69,2991000
5/15/1996,9.1875,9.4375,9.125,9.375,1358400
5/17/1996,9.25,9.375,9.125,9.1875,2255600
5/30/1996,8.75,8.9375,8.6875,8.875,1620600
6/7/1996,8.8125,8.8125,8.5625,8.5625,1371800
6/12/1996,8.375,8.625,8.3125,8.375,1050200
6/13/1996,8.5625,8.625,8.4375,8.4375,948000
6/26/1996,7.125,7.25,6.875,6.9375,2556800
7/15/1996,6.06,6.06,5.875,5.94,1430400
7/26/1996,5.25,5.375,5.125,5.3125,2611800
8/6/1996,6.19,6.5,6.06,6.5,1648400
8/21/1996,6.5625,6.5625,6.4375,6.5625,867000
8/30/1996,6.25,6.25,6.0625,6.125,850600
9/4/1996,6.375,6.375,6.25,6.25,356800
9/18/1996,6.875,7.0625,6.5625,7.0625,1520600
9/25/1996,7.3438,7.5,7.125,7.5,4225200
10/3/1996,7.3125,7.375,7.0625,7.1875,576600
10/10/1996,8.25,8.5,7.9375,8.0625,1207800
10/11/1996,8.0625,8.25,7.75,7.875,2193000
11/5/1996,8.9375,9.4375,8.875,9.4375,2323000
11/20/1996,12.5,12.75,12.5,12.625,2449400
11/25/1996,12.44,12.625,12.31,12.31,2940600
12/2/1996,12.06,12.75,11.875,12.69,4497800
12/10/1996,13.56,13.69,13.06,13.06,4722600
12/27/1996,13.25,13.25,12.94,13.06,672400
12/30/1996,13,13.06,12.81,12.875,1363200
1/3/1997,13.625,14.125,13.565,14,4087200
1/8/1997,15.065,15.065,14.375,14.44,4190000
1/9/1997,14.125,14.375,13.625,13.75,6088200
1/13/1997,14.815,15.44,14.5,14.5,11178600
1/21/1997,17.125,17.44,16.815,17.125,2895600
2/19/1997,17.5,18.125,17.44,17.75,5866400
2/21/1997,18.065,18.19,17.375,17.375,3837000
2/25/1997,18.125,18.44,17.875,18.315,2580200
2/26/1997,18.375,18.44,17.815,18.065,2384200
3/14/1997,23.875,24.19,21.5,22.25,13015600
3/21/1997,20.065,20.44,19.375,19.565,3607400
4/7/1997,20.375,21.75,20.25,21.5,7570400
4/14/1997,19.25,19.375,18.565,19.125,5571000
4/15/1997,19.69,19.815,18.69,18.75,3770000
4/17/1997,19.625,19.69,18.94,19.315,4502200
4/18/1997,19.315,19.5,18.375,18.375,3647000
5/6/1997,22.25,22.375,21.25,21.44,3293800
5/14/1997,22.125,22.19,21.375,21.565,2954200
5/21/1997,21.375,21.44,20.19,20.565,5098400
5/27/1997,20.815,21.375,20.44,21.065,3380000
5/29/1997,20.75,20.75,19.815,19.94,4821400
6/27/1997,18.315,18.315,17.815,17.875,3464200
7/3/1997,18,18.5,17.75,18,1776400
7/25/1997,18.875,18.875,17.565,17.565,2276400
7/28/1997,17.625,18.125,17.5,17.94,2922800
7/29/1997,17.75,17.875,17.5,17.565,3374400
8/15/1997,19,19,18.69,18.75,1999400
8/27/1997,19.875,20,19.375,19.565,2113200
9/11/1997,16.44,17.375,16.315,17.065,6133800
9/23/1997,16.5,16.69,16,16.25,3589800
9/26/1997,16.5,16.625,16.065,16.19,3952200
10/8/1997,14.47,15.44,14.315,15.315,9376200
10/24/1997,13.875,13.905,12.625,13.095,6277600
11/14/1997,10.69,10.69,9.875,10.22,3926200
11/17/1997,10.655,11.03,10.53,11,3328000
11/24/1997,11.315,11.315,10.97,11.125,2605200
11/26/1997,10.94,11.25,10.625,10.78,3232000
12/24/1997,9.095,9.125,8.845,8.875,1060200
12/29/1997,8.845,8.97,8.565,8.69,2806200
12/31/1997,8.69,9.095,8.625,8.875,6449200
1/8/1998,9.53,9.845,9.375,9.47,3452400
1/26/1998,9.19,9.47,9.19,9.47,2760000
1/30/1998,10,10.095,9.815,10.095,3252200
2/10/1998,9.625,9.845,9.53,9.69,3343400
2/17/1998,9.625,9.655,9.405,9.47,1931000
2/18/1998,9.44,9.595,9.44,9.565,1580400
3/2/1998,11.75,11.94,11.065,11.125,4850600
3/5/1998,10.565,10.655,10.375,10.5,4751800
3/12/1998,10.75,11.25,10.69,11.09,4685000
3/13/1998,11.065,11.155,10.845,10.97,1917800
3/20/1998,11.97,12,11.155,11.19,5315400
3/27/1998,11.5,12.405,11.5,12.345,7113200
4/1/1998,14.625,15.125,14.03,14.97,15246600
4/6/1998,14.25,15.315,14.25,15.22,11542800
4/15/1998,13.315,13.565,13.125,13.125,3328200
4/22/1998,13.815,14.565,13.75,14.28,5466000
5/15/1998,12.375,12.375,11.125,11.125,9174000
5/18/1998,11.155,11.5,10.815,11.095,4908000
6/1/1998,9.905,10.125,9.53,9.625,3039800
6/10/1998,9.125,9.125,8.75,8.81,4363400
7/13/1998,7.845,7.875,7.595,7.72,2709800
7/29/1998,8.22,8.25,7.815,7.845,2266800
8/12/1998,8.53,9.375,8.53,9.25,5649800
8/25/1998,8.845,9.03,8.75,8.78,4657800
8/31/1998,7.595,7.69,6.375,6.5,4716200
9/4/1998,7.155,7.22,6.75,7.125,2764400
9/10/1998,7.78,8.155,7.565,8.095,4129800
9/22/1998,9.44,9.595,9.315,9.375,8915000
9/28/1998,10.19,10.22,9.72,9.78,4188800
9/30/1998,9.345,9.345,8.94,9.28,2786800
10/2/1998,9.095,9.405,8.905,9.375,3671600
10/15/1998,8.03,8.565,8.03,8.47,4534200
10/28/1998,8.72,9.565,8.53,9.405,9404000
11/12/1998,13.375,14.03,12.815,13.75,11157000
11/24/1998,13.25,13.625,12.75,12.815,5409600
12/3/1998,14.565,15.69,14.44,14.75,14325200
12/10/1998,15.405,15.595,14.375,14.875,5119600
12/14/1998,14.78,14.905,14.19,14.28,5261600
12/15/1998,14.44,14.875,14.125,14.375,3929000
12/17/1998,13.815,14.25,13.25,14,10204000
12/21/1998,14.25,14.69,14.25,14.44,4249400
1/7/1999,13.5,14.155,13.44,13.72,9706000
1/11/1999,14.25,15.97,14.25,15.94,19264000
2/10/1999,8.405,8.44,8.28,8.315,4238400
2/16/1999,8.875,8.94,8.53,8.53,3721800
2/26/1999,9.25,9.405,8.78,8.94,5830800
3/5/1999,9.315,9.345,9.03,9.22,3489000
4/1/1999,7.78,7.845,7.75,7.815,1410200
4/5/1999,7.875,7.94,7.75,7.845,2412200
4/14/1999,7.47,7.5,7.28,7.375,2480200
4/27/1999,8.5,8.5,8.25,8.345,1352200
4/28/1999,8.375,8.44,8.19,8.19,1194000
5/7/1999,8.69,9.03,8.69,8.815,2461400
6/4/1999,8.905,9.155,8.905,8.97,3058400
6/9/1999,8.845,8.97,8.69,8.72,2410200
6/18/1999,9.28,9.69,9.25,9.375,9257800
6/22/1999,9.595,9.75,9.565,9.625,3928000
6/30/1999,9.03,9.065,8.75,9.03,3334000
7/16/1999,8.815,8.845,8.69,8.78,2235400
7/22/1999,8.405,8.47,8.155,8.155,2752800
7/28/1999,8.405,8.44,8.28,8.405,1807200
8/5/1999,8.155,8.19,7.815,8.065,2048200
9/3/1999,10.155,10.625,10.155,10.5,7067400
9/13/1999,10.75,10.905,10.375,10.625,3792400
9/30/1999,8.75,8.94,8.53,8.595,3903800
10/4/1999,8.905,9.155,8.875,8.94,4409800
10/11/1999,9.44,9.565,9.345,9.5,2307400
10/12/1999,9.5,9.655,9.28,9.375,2597800
10/18/1999,8.69,8.78,8.5,8.625,2304600
10/25/1999,9.375,9.595,9.315,9.53,2966600
11/5/1999,10.375,10.69,10.125,10.625,4296000
11/11/1999,11.565,14.5,11.155,14.125,16667600
11/30/1999,14.875,14.875,13.94,14.125,7103200
12/6/1999,15.5,15.75,15.345,15.72,11096400
12/17/1999,15,15,14.25,14.405,5046000
12/21/1999,14.75,15.315,14.625,15.03,4814200
12/23/1999,14.5,14.655,14.19,14.315,2466000
12/28/1999,14.25,14.47,14.19,14.375,1560600
1/3/2000,14.97,15.595,14.69,15.5,7843200
1/26/2000,18.815,19.125,18.28,18.5,7597800
1/27/2000,19,19.5,18.44,18.47,6167800
2/1/2000,18.25,18.375,17.5,18.28,5111200
2/2/2000,18.155,18.25,17.78,18.03,4076200
2/15/2000,21.75,22.375,21.19,21.75,8673800
2/24/2000,20.75,21.47,20.345,21.28,4091400
3/7/2000,24.72,29.5,24.5,27.5,25724000
3/10/2000,26.565,27.125,25,26,16850000
3/13/2000,24.155,26.625,24.125,25.75,7735800
3/17/2000,24.405,25.345,24.065,25,5280200
4/3/2000,29.625,30.94,29,30.44,9475000
4/7/2000,35.44,37.75,35,37.75,15218800
5/5/2000,45.03,46.44,45.03,46,7915000
5/8/2000,45,45.5,44.095,44.375,6561600
5/16/2000,43.44,44.78,42.875,44.25,8100400
5/31/2000,42.94,43.125,40.75,40.815,7844200
7/14/2000,43.69,45.25,43.095,45,5754400
7/24/2000,40.5,41.595,38.315,39,10565200
7/26/2000,39.345,39.345,36.875,38.095,9044400
8/7/2000,30.25,33.19,30.19,32.5,15136000
8/31/2000,35.25,38.25,35.06,37.25,8755600
9/12/2000,31.06,32.44,30.13,30.5,5455600
9/19/2000,26.25,30.5,26.25,30.38,10605700
10/5/2000,24.44,24.63,23.13,23.5,5810300
10/13/2000,22.13,22.63,21.31,21.88,13210000
10/17/2000,20,20.25,17.88,18.38,14554200
10/20/2000,21.88,22.63,21.44,22.13,12562100
11/6/2000,24.44,24.81,23.94,24.31,4106100
11/7/2000,24,24,22.5,22.56,5533200
11/10/2000,21.13,21.31,19.75,20.06,5069800
11/24/2000,20.38,20.94,20.19,20.81,2168300
12/4/2000,15.88,16,15.13,15.38,6153000
12/14/2000,16.75,17.31,16.5,16.5,3210800
12/29/2000,14.31,14.5,13.81,13.81,6342700
1/12/2001,18.13,18.75,17.38,17.81,5732400
1/19/2001,22.75,22.94,21,22,12341400
1/29/2001,21.7,23.15,21.63,23,6617400
2/5/2001,23.64,24.04,22.96,24,6054000
2/6/2001,23.75,24.7,23.75,24.05,4137500
2/15/2001,25.5,26.75,25.27,26.23,9720800
3/6/2001,24,25.51,24,24.75,8921200
3/16/2001,23.55,23.99,23.26,23.4,5006500
4/2/2001,26.7,27.86,24.76,25.5,9392500
4/16/2001,23.85,23.89,22.78,23.5,6707600
4/27/2001,28.5,30,28.2,30,11065500
5/1/2001,30.5,31.95,29.5,31.86,6891600
5/4/2001,31.15,31.71,30.02,30.99,11783600
5/23/2001,33.55,33.6,32.53,32.66,4871700
5/25/2001,31.96,32.5,31.3,31.94,2928200
5/30/2001,29.2,29.2,27.5,27.95,9180800
6/4/2001,29.55,29.55,27.52,27.61,7897400
6/28/2001,26.95,28.6,26.94,27.43,4919400
7/9/2001,20.87,21.46,20.12,21.2,13000600
7/13/2001,21.95,22.49,20.5,21.08,12669700
7/18/2001,20.3,20.3,17.35,17.87,15573200
7/24/2001,16.9,17.24,16.21,16.38,6295700
8/13/2001,16.58,16.77,16.05,16.61,6341600
8/23/2001,14.7,14.75,14.28,14.3,3081500
9/5/2001,12.75,13.1,11.7,12.05,9138500
9/6/2001,12.06,12.25,11.23,11.4,8685700
9/10/2001,11.5,12.01,11.45,11.85,5168900
10/25/2001,9.68,10.3,9.38,10.26,3779400
10/26/2001,10.26,10.49,9.95,10.34,3975400
11/7/2001,14.5,14.5,12.77,13.52,9470000
11/14/2001,13.96,14.18,13.31,14,6815700
11/21/2001,13.44,13.44,12.72,13.34,3318500
12/3/2001,14.35,14.35,13.39,14.05,6811000
12/13/2001,17.3,17.5,16.12,16.18,9479300
1/24/2002,16.3,16.34,15.99,16.13,15280900
1/28/2002,16.5,16.5,16.12,16.36,6433400
1/30/2002,15.95,16.09,14.96,15.76,8529500
2/1/2002,15.98,15.98,15.48,15.8,4872500
2/14/2002,15.5,15.7,14.84,14.85,5040200
2/22/2002,13.25,13.45,12.63,12.85,8948000
3/12/2002,15.85,15.85,15.53,15.75,5384100
3/25/2002,14.65,14.91,14.08,14.13,4747400
4/10/2002,13.42,13.53,12.88,13.5,5240000
5/10/2002,11.41,11.63,10.86,11.04,3395000
5/22/2002,11.64,12.05,11.56,11.78,4055100
5/23/2002,11.8,12,11.46,12,2979000
6/5/2002,11,11.12,10.6,10.97,4259300
6/21/2002,8.2,8.4,7.99,8.04,8128000
7/15/2002,9.1,9.44,8.96,9.25,4856600
7/16/2002,9.25,10,9.15,9.4,7508300
7/18/2002,8.9,9.1,8.67,8.72,8136200
7/24/2002,8.05,8.46,7.89,8.46,4410100
8/5/2002,7.73,7.94,7.45,7.57,6705900
8/6/2002,7.9,8.7,7.82,8.32,8322300
8/9/2002,8.55,9,8.51,8.83,3038500
8/13/2002,8.83,9.18,8.5,8.5,3728200
8/26/2002,9.7,9.8,9.17,9.72,4190300
9/4/2002,8.42,8.56,8.02,8.45,4661500
10/4/2002,3.63,3.98,3.5,3.51,9000900
10/8/2002,3.3,3.55,3.1,3.55,9801200
10/31/2002,6.37,6.45,6.1,6.14,5238700
11/5/2002,6.7,6.81,6.5,6.8,4312800
11/11/2002,6.1,6.26,5.806,5.95,5168000
11/21/2002,5.7,6.17,5.7,6.14,32567600
11/26/2002,8.2,8.22,7.75,7.96,19690300
12/6/2002,8,8.4,7.9,8.11,12280200
12/10/2002,7.51,7.95,7.4,7.95,8491100
12/11/2002,7.76,8.05,7.65,7.72,7477800
12/13/2002,7.38,7.54,7.28,7.32,6064600
12/18/2002,7,7.05,6.66,6.67,14292400
12/19/2002,6.67,6.86,6.37,6.47,10643600
12/27/2002,6.44,6.58,6.3,6.35,3067900
12/30/2002,6.27,6.42,6.18,6.35,4082900
1/3/2003,7.01,7.19,6.86,6.94,6235700
1/22/2003,6,6.04,5.71,5.72,8840100
1/29/2003,5.29,5.42,5.2,5.3,6044500
3/6/2003,5.41,5.41,5.25,5.32,4764700
3/12/2003,5.48,5.58,5.37,5.52,4086200
3/21/2003,7.22,7.24,7.08,7.15,8103600
3/27/2003,6.4,6.48,6.2,6.44,7834200
4/3/2003,7.19,7.4,7.15,7.2,13289900
4/9/2003,7,7.19,6.88,6.92,4985200
4/10/2003,7.02,7.06,6.89,6.98,5230400
5/6/2003,7.55,7.88,7.55,7.64,9009500
5/9/2003,7.35,7.48,7.34,7.35,5306000
6/5/2003,7,7.02,6.91,7.02,7819600
6/16/2003,6.53,6.69,6.45,6.61,6557800
6/17/2003,6.7,6.73,6.47,6.58,6213900
6/25/2003,6.32,6.55,6.32,6.35,9733000
6/26/2003,6.35,6.58,6.33,6.55,5878900
7/1/2003,6.32,6.64,6.25,6.54,5645800
7/10/2003,6.85,7.4,6.85,7.05,9749400
8/1/2003,7.27,7.32,7.14,7.19,3400300
8/12/2003,7.44,7.44,7.27,7.4,4926700
8/14/2003,7.62,7.87,7.59,7.82,5354300
8/18/2003,8.48,8.98,8.35,8.91,26783000
8/28/2003,10.33,10.92,10.24,10.92,17373500
9/23/2003,12.55,12.69,12.15,12.38,13677200
10/1/2003,11.16,11.31,11.01,11.17,9318800
10/14/2003,13.2,13.65,13.2,13.63,9333500
10/17/2003,14.55,14.56,13.94,13.99,31673700
10/22/2003,14.02,14.3,13.94,13.96,11664300
10/23/2003,13.63,13.68,13.38,13.65,10241300
10/31/2003,15.2,15.26,14.97,15.2,7629600
11/14/2003,18.23,18.33,17.59,17.86,13631000
12/19/2003,14.6,14.86,14.19,14.26,13115700
12/22/2003,14.16,14.38,14.08,14.23,7244300
1/13/2004,15.84,15.85,15.14,15.19,12812000
1/20/2004,17.24,17.5,16.8,17.38,21899500
1/28/2004,15.9,15.99,15.25,15.3,8797800
1/29/2004,15.5,15.6,14.25,14.68,19116800
1/30/2004,14.71,15,14.54,14.86,8183200
2/3/2004,14.59,14.91,14.52,14.75,8265700
2/12/2004,15.71,15.71,14.97,15.09,9645500
2/18/2004,14.98,15.45,14.96,15.3,11626900
2/23/2004,14.5,14.64,13.92,13.99,14379100
2/25/2004,14.39,14.61,14.23,14.52,8487800
3/3/2004,14.95,14.95,14.57,14.7,5509000
3/12/2004,14.74,15,14.66,15,10345900
3/23/2004,15.07,15.09,14.72,14.86,11668900
4/20/2004,16.45,16.55,15.77,15.79,7281000
4/29/2004,15.17,15.392,14.39,14.6,10655200
5/7/2004,14.31,14.98,14.31,14.91,11178700
5/12/2004,15.36,15.46,14.47,15.14,13228300
6/9/2004,16.32,16.35,15.48,15.51,14821000
6/10/2004,15.66,15.8,15.46,15.75,9075100
6/24/2004,15.4,15.75,15.12,15.32,10501300
7/13/2004,14.55,14.65,14.32,14.5,7598400
7/22/2004,12.17,12.72,12.14,12.64,14111800
7/30/2004,12,12.56,11.9,12.49,13959000
8/4/2004,11.65,11.95,11.57,11.86,13893700
8/5/2004,11.87,12.02,11.73,11.81,7220200
8/31/2004,11.5,11.57,11.18,11.43,5676100
9/13/2004,12.43,13.16,12.36,12.9,16504600
9/15/2004,12.55,12.56,12.22,12.22,9191100
9/16/2004,12.3,12.49,12.12,12.17,11182400
9/17/2004,12.26,12.72,12.19,12.7,11937700
10/5/2004,13.21,13.78,13.09,13.68,15940700
10/25/2004,15.49,15.9,15.41,15.5,10577900
11/16/2004,20.85,21.06,20.51,20.88,13795300
12/7/2004,24.4,24.47,23.48,23.49,22433100
12/13/2004,22.55,22.55,22,22.11,8013300
12/22/2004,21.78,22,21.58,21.83,7912300
1/5/2005,20.32,20.61,19.52,19.75,19217200
1/12/2005,14.95,15.15,14.63,15.02,42202000
1/19/2005,15.33,15.87,15.27,15.5,17981900
1/20/2005,15.36,15.73,15.2,15.64,16476200
2/3/2005,16.7,16.8,16.31,16.67,6605200
2/17/2005,17.51,17.65,17,17.06,9813600
3/1/2005,17.63,17.99,17.61,17.96,6882200
3/4/2005,17.62,17.66,17.26,17.43,6378700
3/7/2005,17.34,17.61,17.25,17.47,7497300
3/11/2005,17.13,17.22,16.3,16.36,8941300
4/5/2005,16,16.18,15.8,15.85,7733000
4/8/2005,16.24,17.38,16.24,17.09,24613800
4/21/2005,15.01,15.15,14.68,15,10776800
5/10/2005,15.2,15.37,15.01,15.07,7263200
5/11/2005,15.14,15.21,14.85,15.09,5515200
5/12/2005,15.04,15.6,15.04,15.3,9482600
6/17/2005,17.69,17.7,17.23,17.44,5506000
6/21/2005,17.48,17.8,17.48,17.8,5592100
7/6/2005,18.05,18.55,18.02,18.51,9358500
7/18/2005,19.95,20.02,19.78,19.94,5238500
7/22/2005,20.4,20.65,20.3,20.49,5142900
7/29/2005,20.19,20.36,20.05,20.08,3899000
8/4/2005,20.48,20.54,20.12,20.15,3813300
8/11/2005,20.45,20.97,20.4,20.69,6671900
8/17/2005,20.5,21.27,20.46,21.19,10369500
8/30/2005,20.81,20.9,20.3,20.37,8509300
9/6/2005,21.05,21.55,20.96,21.52,5535900
9/8/2005,22.45,23.09,22.37,23.08,11340400
9/12/2005,23.71,23.95,23.34,23.38,8074700
9/14/2005,23.38,23.79,23.21,23.63,8454400
9/21/2005,22.32,22.46,22.06,22.1,8853300
9/22/2005,22,22.5,21.91,22.21,9231700
9/23/2005,21.8,23.01,21.77,22.98,11048500
9/29/2005,24.32,24.96,24.11,24.87,9375600
10/13/2005,21.3,21.78,20.87,21.63,14307600
10/17/2005,21.36,21.6,21.22,21.37,5727800
10/18/2005,21.52,21.63,20.83,21.05,8700400
10/20/2005,21.44,21.79,20.93,21,10096100
10/27/2005,22.6,22.66,21.8,21.82,10261200
11/29/2005,26.35,26.45,25.31,25.58,13624200
11/30/2005,25.35,26.35,25.3,26.18,8302400
12/12/2005,27.2,27.65,26.87,26.99,9403100
12/14/2005,27.03,27.63,26.7,27.55,9455800
12/15/2005,27.54,27.97,27.42,27.9,7286300
12/22/2005,29.49,30.35,29.49,30.02,11369600
12/27/2005,30.77,31.38,30.65,31.2,9535100
1/5/2006,32.51,33.94,32.51,33.68,13806800
1/12/2006,36.38,37.46,34.4,35.35,25449500
1/26/2006,38.82,40.64,38.76,40.41,31657800
1/30/2006,39.62,41.65,39.61,41.4,14340100
2/3/2006,41.06,41.0995,39.44,39.54,16524700
2/9/2006,41.1,42.09,39.91,40.06,12414200
2/24/2006,40.65,40.99,40.09,40.54,8326100
3/1/2006,39,40.37,39,40.07,14504500
3/3/2006,41.76,42.7,39.04,39.51,38662300
3/10/2006,36.34,37.42,35.6,36.63,17870000
4/6/2006,34.86,35.4,34.1,34.7,13343900
4/10/2006,33.62,34.605,33.5,34.57,12375100
4/17/2006,31.95,32,29.97,30.6,31513300
4/24/2006,31.785,32.9,31.41,32.81,13872400
4/26/2006,33.48,33.76,32.57,32.8,10756300
4/27/2006,32.6,33.21,32.15,32.8,11647000
4/28/2006,32.3,32.67,32,32.35,10383000
5/2/2006,31.83,32.74,31.83,32.62,8128000
5/10/2006,33.95,33.98,32.83,32.83,12274900
5/23/2006,33.82,34,31.74,31.79,16155000
5/25/2006,31.4,31.51,30.25,30.97,19433900
5/26/2006,31.35,31.95,30.8,31.63,9821300
5/31/2006,30.82,31.23,30.41,30.89,10190500
7/5/2006,24.41,24.43,23.83,23.9,11446500
7/13/2006,22.73,23.24,22.1,22.13,18827200
7/17/2006,21.35,21.78,20.79,20.92,15542500
8/8/2006,20.4,20.689,19.95,20.12,15635000
8/15/2006,20.35,20.93,20.18,20.87,16278700
8/22/2006,23.9,25.22,23.5,24.88,39574100
8/25/2006,24.68,24.96,24.32,24.56,11914100
8/28/2006,24.6,24.84,23.85,23.92,17494700
8/31/2006,25.21,25.25,24.68,24.99,11156900
9/6/2006,25.83,26.14,24.51,24.53,20874100
9/14/2006,26.69,27.37,26.64,27.02,14117800
9/21/2006,27.58,27.9,26.84,26.98,16596600
9/25/2006,26.4,27.17,25.74,26.77,22638500
10/4/2006,24,25.1,23.95,25.03,17869600
10/5/2006,24.8,25.24,24.6,25.11,17304500
10/13/2006,24.57,25.4,24.57,25.23,19364900
10/23/2006,20.22,20.87,20.15,20.24,34231700
10/26/2006,21.28,21.68,21,21.5,33031400
11/1/2006,21.3,21.34,20.67,20.73,23508500
11/3/2006,20.95,21.09,20.81,20.88,17719200
12/11/2006,21.02,21.09,20.61,20.69,15527600
12/26/2006,20.89,20.89,20.45,20.6,7190700
12/28/2006,20.56,20.75,20.52,20.57,8023900
1/4/2007,19.6,19.86,19.32,19.79,23652500
1/11/2007,19.8,20.63,19.8,20.18,23135700
2/1/2007,15.62,15.85,15.57,15.77,23450600
2/2/2007,15.9,15.91,15.66,15.69,20216200
2/13/2007,14.75,14.86,14.47,14.6,17824500
2/14/2007,14.65,15.13,14.61,14.95,31912700
2/15/2007,15.01,15.02,14.75,14.83,15886100
3/8/2007,14.24,14.27,13.96,14.19,21157000
3/14/2007,13.82,14.17,13.7,14.13,25332800
3/16/2007,14,14.16,13.84,14.01,20088500
4/11/2007,13.26,13.38,13.15,13.19,26197800
4/16/2007,13.6,13.65,13.37,13.52,22926000
4/27/2007,14.43,14.45,14.21,14.32,23396100
5/7/2007,13.56,13.65,13.27,13.28,20101800
5/9/2007,13.11,13.59,13.03,13.57,24983300
5/23/2007,15.31,15.46,15.16,15.21,17842600
6/1/2007,14.27,14.62,14.27,14.31,17752400
6/20/2007,13.52,13.82,13.51,13.64,31036600
6/29/2007,14.57,14.61,14.26,14.3,21023600
7/17/2007,15.85,15.96,15.61,15.84,25781600
8/1/2007,13.48,13.63,13.03,13.41,28455500
8/29/2007,11.76,12.32,11.73,12.3,24718800
8/31/2007,12.72,13.04,12.56,13,27658300
9/6/2007,12.95,13.1,12.75,12.94,12501300
9/14/2007,12.6,12.79,12.57,12.69,12684000
9/18/2007,12.92,13.36,12.85,13.3,28627000
9/19/2007,13.41,13.53,13.01,13.1,28029800
9/25/2007,13.4,13.9,13.34,13.81,21341200
9/26/2007,13.9,13.92,13.69,13.75,16308800
10/9/2007,13.67,13.82,13.5,13.79,15169700
10/11/2007,14.03,14.23,13.62,13.8,28395300
10/16/2007,13.9,14.24,13.84,13.96,19924600
10/17/2007,14.37,14.47,13.98,14.11,23021100
10/19/2007,14.49,14.5,13.62,13.8,45753200
10/23/2007,13.75,13.85,13.52,13.73,14955500
10/26/2007,12.94,13.09,12.76,12.89,12883400
11/1/2007,12.99,13.04,12.75,12.8,13239100
11/6/2007,13.45,13.8,13.34,13.43,18324100
11/29/2007,10.3,10.39,10,10.14,50739100
12/5/2007,9.27,9.49,8.83,8.91,70387700
12/12/2007,9.24,9.39,8.83,8.97,39039600
12/13/2007,8.86,9.01,8.42,8.84,45747100
1/10/2008,5.51,6,5.42,5.96,55612700
1/14/2008,6.48,6.54,6.25,6.41,30007200
2/1/2008,7.75,8.03,7.6,8,26266400
2/8/2008,6.58,6.63,6.22,6.34,30758900
2/13/2008,6.51,6.72,6.47,6.7,21779100
3/19/2008,6.43,6.45,6.11,6.15,19822600
3/28/2008,6.2,6.22,5.76,5.91,35744400
4/2/2008,6.08,6.37,6.08,6.19,30141100
4/17/2008,6.06,6.3,6,6.19,23814600
5/6/2008,6.45,7.41,6.44,7.12,75533800
5/19/2008,7.31,7.48,7.06,7.1,23527700
5/22/2008,7.16,7.19,7.01,7.07,11537300
6/3/2008,6.84,6.87,6.72,6.81,15573200
6/19/2008,7.33,7.4,7.02,7.33,20543400
6/20/2008,7.01,7.25,6.96,6.99,22395100
6/27/2008,6.15,6.22,5.85,5.95,23612700
7/10/2008,5.11,5.12,4.75,4.96,45743800
7/14/2008,4.75,4.955,4.72,4.82,22365600
7/28/2008,4.38,4.39,4.18,4.19,17167400
8/4/2008,4.31,4.52,4.29,4.48,15988400
8/25/2008,5.93,6.18,5.82,5.93,24523700
9/4/2008,6.12,6.18,5.77,5.84,24817600
9/29/2008,5,6,3,4.29,32847400
10/10/2008,3.85,4.3,3.51,3.81,32994400
10/17/2008,4.4,4.52,4.09,4.21,38905700
11/6/2008,3.47,3.5,3.09,3.17,20675900
11/17/2008,2.5,2.65,2.47,2.5,14343200
11/20/2008,2.1,2.15,1.88,1.91,22740900
11/21/2008,1.99,2.02,1.62,1.82,22929400
12/2/2008,2.1,2.15,1.96,2.03,13839600
12/18/2008,2.26,2.34,2.2,2.23,12656000
12/30/2008,2.13,2.21,2.1,2.21,10266000
12/31/2008,2.2,2.2,2.11,2.16,10226500
1/14/2009,2.29,2.3,2.11,2.15,14821600
1/21/2009,2.05,2.25,2.03,2.25,11915800
2/5/2009,2.26,2.44,2.21,2.36,17011600
3/5/2009,2.21,2.3,2.14,2.16,10533400
3/6/2009,2.18,2.22,2.09,2.14,9510200
3/30/2009,3.2,3.29,3.1,3.19,12112600
4/16/2009,3.52,3.6,3.47,3.57,10120800
4/17/2009,3.58,3.6,3.49,3.56,12224300
4/20/2009,3.43,3.45,3.26,3.31,10502200
4/27/2009,3.43,3.61,3.42,3.47,11960900
5/7/2009,4.22,4.35,3.91,4.01,23408000
6/10/2009,4.81,4.86,4.7,4.82,18322600
6/19/2009,3.92,3.98,3.86,3.87,20840700
7/6/2009,3.74,3.77,3.5,3.55,26785900
7/7/2009,3.63,3.63,3.35,3.43,20511800
7/24/2009,3.56,3.81,3.54,3.77,25206600
8/3/2009,3.75,3.78,3.7,3.74,12875200
8/12/2009,3.6,3.63,3.56,3.59,13465300
8/20/2009,3.53,3.55,3.49,3.52,6528900
8/25/2009,4.13,4.14,4.02,4.02,28065000
9/1/2009,4.36,4.57,4.18,4.22,32602600
9/14/2009,5.62,5.78,5.51,5.72,27629100
9/17/2009,5.69,5.78,5.55,5.67,38169500
10/2/2009,5.22,5.45,5.05,5.31,31821800
10/14/2009,6.31,6.36,6.16,6.25,32294400
10/19/2009,5.78,5.89,5.68,5.87,20547600
10/28/2009,4.98,5.02,4.75,4.85,30672900
11/9/2009,5.12,5.24,5.1,5.21,15821100
11/10/2009,5.2,5.31,5.07,5.14,16308400
12/2/2009,7.21,7.5,7.21,7.3,26906700
12/3/2009,7.37,8.23,7.36,8.03,69019800
12/7/2009,8.25,8.61,8.23,8.52,45635400
12/23/2009,9.45,9.69,9.42,9.67,19547900
1/15/2010,9.13,9.19,8.8,8.84,34336600
1/21/2010,9.01,9.1,8.7701,8.99,37888700
1/27/2010,8.03,8.22,7.91,8.19,26832700
2/1/2010,7.61,7.98,7.53,7.98,25476400
2/2/2010,7.74,7.96,7.72,7.91,21110900
2/3/2010,7.83,7.96,7.76,7.81,14521900
2/9/2010,7.59,7.64,7.42,7.54,19978100
2/10/2010,7.47,7.71,7.45,7.64,17269400
2/26/2010,7.83,7.96,7.68,7.91,17085200
3/2/2010,8.33,8.6,8.29,8.38,25506100
3/3/2010,8.44,8.55,8.28,8.35,14260800
3/4/2010,8.35,8.5,8.28,8.5,14448000
3/5/2010,8.55,8.7,8.48,8.61,14826400
3/9/2010,8.5,8.69,8.43,8.63,17664900
3/12/2010,9.04,9.04,8.9,8.93,12802500
3/17/2010,9.47,9.74,9.42,9.67,23574800
3/18/2010,9.62,9.66,9.26,9.39,17772300
3/23/2010,9.34,9.49,9.26,9.45,10623200
5/10/2010,8.92,9.03,8.31,8.99,34695700
5/14/2010,9.24,9.31,8.57,8.8,59018500
5/17/2010,8.75,8.87,8.47,8.85,27721900
5/28/2010,8.84,8.87,8.45,8.57,28073700
6/1/2010,8.43,8.43,8.14,8.14,31201200
6/2/2010,8.26,8.54,8.11,8.54,24157900
6/3/2010,8.59,8.73,8.36,8.69,22533800
6/9/2010,7.91,8.05,7.58,7.61,24756300
6/11/2010,7.85,8.18,7.81,8.12,21054300
6/24/2010,8.51,8.57,8.05,8.13,31282200
7/2/2010,7.45,7.48,7.02,7.17,26074800
7/6/2010,7.4,7.42,6.96,7.04,25868800
7/14/2010,7.82,7.82,7.33,7.44,49139700
7/23/2010,7.57,7.84,7.46,7.82,28582400
8/10/2010,7.06,7.13,6.75,6.83,80795900
8/17/2010,6.72,6.77,6.62,6.63,14697000
8/19/2010,6.48,6.55,6.28,6.42,21654500
8/20/2010,6.36,6.4404,6.19,6.25,23001300
9/7/2010,6.04,6.18,5.95,5.95,21679600
9/8/2010,5.96,5.96,5.79,5.83,19381400
9/9/2010,5.945,5.945,5.82,5.86,17213400
9/21/2010,6.1,6.25,6.06,6.171,20615600
9/24/2010,6.6,6.85,6.6,6.84,53726900
9/27/2010,6.92,7.24,6.84,7.02,56266900
9/30/2010,7.39,7.44,6.99,7.11,38514800
10/1/2010,7.2,7.26,7.01,7.05,27510600
10/5/2010,7.04,7.12,6.89,6.98,36286400
10/22/2010,6.86,7,6.86,6.89,21180100
10/26/2010,7.2,7.3,7.14,7.2,16114600
11/4/2010,7.71,8,7.67,8,29582400
11/11/2010,7.56,7.68,7.46,7.63,17940500
11/12/2010,7.59,7.85,7.5,7.63,34469700
11/18/2010,7.43,7.48,7.3,7.35,13942700
11/22/2010,7.44,7.56,7.3025,7.41,12073300
11/24/2010,7.38,7.67,7.37,7.62,14304900
11/26/2010,7.6,7.65,7.51,7.55,4052200
12/17/2010,8.05,8.1,7.86,8.1,25999900
12/21/2010,8.27,8.32,8.13,8.14,9684600
12/29/2010,8.1,8.15,8.06,8.08,6926400
12/31/2010,8.14,8.19,8.05,8.18,7971200
1/21/2011,8.14,8.15,7.51,7.54,64327200
1/26/2011,7.49,7.54,7.35,7.491,25064300
1/28/2011,7.76,7.83,7.4,7.49,33405600
2/3/2011,8.36,8.43,8.1,8.33,22946500
2/8/2011,8.28,8.3,8.09,8.24,18819100
2/16/2011,8.65,9.12,8.605,8.99,47680900
2/22/2011,8.88,9.1705,8.82,8.85,32256700
2/25/2011,9.25,9.45,9.23,9.29,29307900
3/14/2011,8.56,8.75,8.35,8.43,17092200
3/17/2011,8.29,8.4,8.2,8.31,14552000
3/22/2011,8.54,8.62,8.36,8.36,11878000
3/30/2011,8.74,8.85,8.61,8.79,14592700
4/21/2011,8.73,8.77,8.63,8.71,18746500
5/9/2011,8.93,8.97,8.83,8.94,9486900
5/12/2011,8.78,8.96,8.73,8.93,17255300
5/18/2011,8.53,8.7283,8.52,8.67,17954500
5/27/2011,8.53,8.6,8.44,8.49,9624700
6/9/2011,7.65,7.73,7.59,7.64,15715800
6/10/2011,7.63,7.67,7.44,7.59,14571600
6/13/2011,7.6,7.63,7.45,7.54,12446700
6/16/2011,7.65,7.73,7.05,7.19,48145200
7/20/2011,6.56,6.62,6.4,6.6,18422800
7/21/2011,6.59,6.6084,6.44,6.5,29318700
7/22/2011,7.09,7.79,7.07,7.75,86038800
7/25/2011,7.62,7.77,7.43,7.63,32285600
8/31/2011,6.84,6.94,6.75,6.83,26838200
9/1/2011,6.83,6.87,6.67,6.68,15254200
9/12/2011,6.53,6.75,6.4,6.71,20412200
9/13/2011,6.77,7,6.66,6.96,19043000
9/15/2011,7.3,7.44,7.25,7.335,23786400
9/20/2011,6.96,6.99,6.73,6.74,17428300
9/21/2011,6.8,6.85,6.48,6.48,20043200
9/28/2011,6.51,6.57,6.15,6.15,29234600
10/12/2011,4.94,5.07,4.9145,4.93,19261200
10/21/2011,4.65,4.73,4.61,4.72,13915400
11/18/2011,5.48,5.52,5.4,5.47,12677100
11/22/2011,5.37,5.46,5.29,5.3,19461400
11/23/2011,5.22,5.22,5.01,5.05,18338100
11/25/2011,5.03,5.11,4.96,4.99,8669000
12/5/2011,5.75,5.84,5.69,5.76,11215800
1/5/2012,5.45,5.565,5.35,5.46,11476900
1/6/2012,5.44,5.52,5.39,5.43,12938600
1/10/2012,5.66,5.75,5.64,5.71,10129600
1/17/2012,5.77,5.84,5.71,5.73,8259900
1/26/2012,6.73,6.95,6.68,6.77,25160600
2/7/2012,6.96,7.185,6.95,7.13,18873500
2/22/2012,7.24,7.27,7,7.14,20775200
2/24/2012,7.42,7.57,7.38,7.46,19280700
2/28/2012,7.45,7.61,7.43,7.52,10513600
3/2/2012,7.5,7.63,7.43,7.46,11203300
3/15/2012,7.96,8.28,7.92,8.25,27147900
3/21/2012,8.09,8.18,8.01,8.04,9085100
3/29/2012,7.98,8.12,7.93,8.12,13920300
4/3/2012,8.09,8.17,7.91,7.98,18446600
4/12/2012,7.84,7.95,7.71,7.92,10959900
4/20/2012,8.16,8.21,7.73,7.76,38757700
4/27/2012,7.44,7.49,7.22,7.33,19381300
4/30/2012,7.3,7.46,7.3,7.36,13327200
5/8/2012,7.1,7.12,6.9,7.03,12568300
5/15/2012,6.76,6.82,6.53,6.6,12501500
5/18/2012,6.19,6.29,6,6.01,14979900
5/22/2012,6.17,6.27,6.08,6.16,12600900
5/30/2012,6.35,6.39,6.145,6.15,18305600
6/5/2012,5.66,5.84,5.64,5.825,12256100
6/13/2012,5.89,5.95,5.75,5.76,12585700
6/14/2012,5.75,5.81,5.7,5.76,8485800
6/15/2012,5.77,5.88,5.73,5.87,9292400
6/19/2012,5.93,6,5.8,5.81,21247800
6/22/2012,5.77,5.82,5.63,5.73,15918900
7/5/2012,5.8,5.98,5.79,5.88,13359900
7/13/2012,4.89,4.95,4.83,4.9,15546400
7/23/2012,4.15,4.16,4.03,4.15,22166600
7/30/2012,4.08,4.13,4.06,4.1,9546600
8/15/2012,4.11,4.23,4.1,4.19,10406600
8/21/2012,4.1,4.18,4.03,4.07,15999500
8/27/2012,3.95,3.95,3.82,3.85,13057600
8/30/2012,3.75,3.8,3.7,3.7,12154100
9/10/2012,3.49,3.59,3.46,3.47,32422000
9/19/2012,3.66,3.71,3.58,3.66,31304000
10/4/2012,3.17,3.25,3.09,3.22,23236300
10/17/2012,2.66,2.8,2.64,2.77,32949000
10/19/2012,2.54,2.62,2.17,2.18,110069000
10/22/2012,2.23,2.23,2.09,2.1,37955900
11/14/2012,2.04,2.05,1.92,1.93,40052600
11/23/2012,1.92,1.97,1.92,1.95,8567500
11/26/2012,1.96,1.97,1.84,1.87,30192600
11/28/2012,1.88,1.99,1.86,1.96,27471900
12/10/2012,2.35,2.39,2.31,2.32,10015500
12/13/2012,2.4,2.44,2.38,2.41,25069800
12/14/2012,2.43,2.44,2.39,2.3904,16552900
1/8/2013,2.72,2.76,2.64,2.67,29140800
1/9/2013,2.7,2.72,2.6,2.63,16675100
1/11/2013,2.63,2.68,2.55,2.67,20032100
1/22/2013,2.52,2.54,2.43,2.45,35143000
1/23/2013,2.62,2.75,2.586,2.73,69200500
1/28/2013,2.89,2.92,2.78,2.82,23636700
1/30/2013,2.75,2.78,2.63,2.65,19781200
1/31/2013,2.7,2.71,2.45,2.6,27846400
2/4/2013,2.63,2.64,2.52,2.52,15382300
2/6/2013,2.59,2.64,2.56,2.6,8831000
3/6/2013,2.45,2.46,2.4,2.43,10834600
3/13/2013,2.62,2.63,2.57,2.6,7482100
3/19/2013,2.66,2.7,2.62,2.67,19316200
3/21/2013,2.73,2.75,2.63,2.64,17021600
4/1/2013,2.54,2.57,2.42,2.44,14464800
4/5/2013,2.3,2.31,2.28,2.29,13725000
4/17/2013,2.41,2.47,2.4,2.4,14829200
5/3/2013,3.47,3.8,3.47,3.6,87328700
5/20/2013,4.18,4.2,4.07,4.1,35458600
6/10/2013,3.95,4.08,3.92,4.06,32378100
6/24/2013,4.07,4.09,3.99,4.05,29135600
6/26/2013,4.2,4.21,4.1207,4.14,19841200
6/28/2013,4.08,4.12,4.02,4.08,13329600
7/15/2013,4.34,4.4,4.31,4.4,21953700
7/19/2013,3.99,4.08,3.85,4.03,151516000
8/7/2013,3.68,3.7,3.57,3.69,27553200
8/9/2013,3.69,3.7,3.63,3.65,13656300
8/14/2013,3.68,3.83,3.65,3.82,32081500
9/6/2013,3.54,3.6,3.43,3.57,35974800
9/11/2013,3.87,3.89,3.7367,3.82,24009100
9/25/2013,3.82,3.94,3.79,3.91,23559200
9/27/2013,3.87,3.91,3.83,3.86,11436100
10/1/2013,3.82,3.94,3.81,3.86,26056400
10/7/2013,3.87,3.91,3.83,3.86,16734000
10/11/2013,3.78,3.85,3.75,3.83,17384600
10/18/2013,3.56,3.66,3.51,3.53,108913700
10/29/2013,3.34,3.37,3.32,3.33,15816500
11/13/2013,3.5,3.55,3.46,3.54,28914000
11/19/2013,3.46,3.48,3.36,3.42,20169800
11/22/2013,3.38,3.39,3.325,3.34,11315300
11/25/2013,3.36,3.4,3.34,3.39,11605400
11/27/2013,3.475,3.58,3.46,3.56,19876400
11/29/2013,3.6,3.68,3.58,3.64,15448400
12/3/2013,3.64,3.71,3.58,3.62,23323200
12/4/2013,3.57,3.63,3.48,3.57,21609700
12/18/2013,3.64,3.67,3.6,3.65,12658100
12/24/2013,3.77,3.8,3.75,3.77,5798900
12/31/2013,3.87,3.88,3.83,3.87,12347800
1/29/2014,3.52,3.56,3.45,3.48,21765000
2/18/2014,3.69,3.72,3.65,3.7,11956700
3/7/2014,3.75,4.02,3.75,3.95,55435800
3/19/2014,3.91,4,3.9,3.98,28516900
3/28/2014,3.93,3.97,3.87,3.88,13189200
4/3/2014,4.07,4.1,3.97,4,16802300
4/9/2014,4.01,4.02,3.95,3.98,11270300
4/14/2014,3.72,3.78,3.65,3.71,22735100
4/15/2014,3.7401,3.82,3.715,3.79,21754300
4/17/2014,3.78,3.795,3.69,3.69,32048100
5/8/2014,3.95,4.03,3.91,3.93,14550200
5/9/2014,3.91,3.93,3.85,3.87,15982900
5/16/2014,3.95,4.05,3.91,4.02,17166600
5/19/2014,4,4.1,3.96,4.09,18171000
5/30/2014,4.02,4.03,3.98,4,10030600
6/4/2014,3.93,4.05,3.93,4.04,13286000
6/16/2014,4.26,4.44,4.26,4.44,26172600
6/23/2014,4.06,4.075,3.9,4.01,49634100
6/24/2014,4.005,4.07,3.93,3.94,20377500
7/2/2014,4.23,4.35,4.22,4.34,20325200
7/3/2014,4.36,4.4,4.14,4.24,22521700
7/9/2014,4.21,4.29,4.2,4.23,18462200
7/10/2014,4.18,4.36,4.14,4.29,39245000
7/15/2014,4.63,4.8,4.41,4.53,156113700
7/24/2014,3.75,3.8,3.71,3.73,27809600
7/30/2014,3.82,3.88,3.77,3.82,42863000
8/26/2014,4.17,4.22,4.13,4.19,9169400
9/4/2014,4.185,4.25,4.15,4.15,12791400
9/19/2014,3.93,3.94,3.81,3.81,22717900
9/22/2014,3.81,3.83,3.75,3.76,14195716
10/10/2014,2.95,2.95,2.71,2.72,41026909
10/17/2014,2.67,2.86,2.66,2.72,75956587
10/22/2014,2.79,2.795,2.64,2.64,23007306
10/27/2014,2.68,2.71,2.65,2.66,13296565
10/28/2014,2.69,2.77,2.67,2.72,22879276
10/31/2014,2.79,2.83,2.75,2.8,14704782
11/12/2014,2.73,2.75,2.65,2.71,15873150
11/13/2014,2.71,2.74,2.65,2.66,10915428
11/14/2014,2.675,2.7,2.61,2.61,12368471
11/17/2014,2.62,2.69,2.61,2.67,12591612
12/8/2014,2.65,2.68,2.52,2.58,25394055
12/11/2014,2.51,2.54,2.46,2.49,10151258
12/15/2014,2.52,2.6,2.46,2.47,19636438
12/17/2014,2.5,2.57,2.46,2.55,12521460
12/24/2014,2.63,2.7,2.63,2.65,4624005
12/26/2014,2.65,2.685,2.65,2.65,4028005
1/5/2015,2.67,2.7,2.64,2.66,8878176
1/7/2015,2.63,2.65,2.54,2.58,12377554
1/12/2015,2.62,2.64,2.55,2.63,9979638
1/22/2015,2.42,2.5,2.37,2.47,36169577
1/30/2015,2.56,2.6,2.51,2.57,12908182
2/4/2015,2.78,2.92,2.76,2.85,34829278
2/5/2015,2.88,3.37,2.87,3.31,73355631
2/17/2015,3.16,3.17,3.08,3.11,8678124
2/20/2015,3.03,3.13,3.02,3.06,10667514
2/25/2015,3.08,3.14,3.06,3.1,6151341
2/26/2015,3.1,3.125,3.06,3.08,8680872
3/13/2015,2.74,2.78,2.71,2.75,8099030
4/7/2015,2.7,2.74,2.69,2.7,5738069
6/1/2015,2.29,2.3,2.25,2.25,6803664
6/15/2015,2.32,2.35,2.29,2.32,8627827
6/16/2015,2.32,2.37,2.32,2.35,9795010
6/19/2015,2.53,2.59,2.46,2.58,25551695
6/22/2015,2.61,2.67,2.58,2.62,19410133
6/24/2015,2.6,2.66,2.5699,2.62,17516734
7/2/2015,2.43,2.63,2.39,2.53,31185949
7/6/2015,2.46,2.54,2.44,2.47,20349371
7/23/2015,1.8,1.81,1.75,1.76,10641876
8/3/2015,1.93,2.2,1.9,2.2,26218162
8/19/2015,1.8,1.81,1.76,1.8,7441178
9/23/2015,1.76,1.775,1.69,1.7,9649200
10/19/2015,1.91,2.01,1.91,2.01,10670760
10/23/2015,2.1,2.21,2.1,2.21,9564205
10/27/2015,2.12,2.16,2.1,2.15,5755594
10/28/2015,2.14,2.2,2.12,2.18,6950607
10/29/2015,2.15,2.18,2.11,2.13,4500419
11/6/2015,2.19,2.21,2.13,2.15,8997105
11/9/2015,2.15,2.18,2.1,2.11,6231734
11/13/2015,1.99,2.04,1.94,1.99,5920191
11/30/2015,2.34,2.37,2.25,2.36,9924441
12/28/2015,2.91,3.02,2.86,3,16050492
12/29/2015,3.04,3.06,2.97,3,15300911
1/13/2016,2.4,2.45,2.21,2.25,12749689
1/26/2016,2.14,2.15,2.03,2.07,11097391
1/29/2016,2.09,2.2,2.07,2.2,11998088
2/10/2016,1.92,1.98,1.83,1.84,9466130
2/11/2016,1.82,1.94,1.81,1.86,7858282
2/12/2016,1.89,1.91,1.82,1.83,9957298
2/29/2016,2.06,2.15,2.05,2.14,11400321
3/17/2016,2.77,2.81,2.7,2.8,29000838
3/24/2016,2.69,2.81,2.62,2.79,10040161
4/5/2016,2.76,2.84,2.72,2.76,9640183
4/6/2016,2.75,2.8,2.72,2.8,12534644
4/13/2016,2.78,2.82,2.73,2.8,8047980
4/20/2016,2.62,2.72,2.61,2.7,7926104
5/11/2016,3.61,3.68,3.6,3.65,7540251
5/23/2016,3.9,4.2,3.88,4.04,35467015
5/24/2016,4.09,4.21,3.92,4.2,34283908
6/17/2016,4.75,5.27,4.68,5.26,64894090
6/21/2016,5.1,5.5,5.09,5.45,35864591
6/30/2016,5.13,5.19,4.95,5.14,26124847
7/11/2016,5.13,5.19,5,5.01,21027948
7/25/2016,5.93,6.95,5.92,6.7,118328614
8/9/2016,6.75,6.78,6.54,6.6,16772428
8/22/2016,7.83,7.95,7.37,7.58,41519225
9/6/2016,7.56,7.6,7.25,7.34,24994613
9/7/2016,7.05,7.07,6.78,6.84,57721907
11/9/2016,6.7,7.05,6.64,6.94,38479532
12/5/2016,8.69,8.71,8.45,8.68,31410058
12/7/2016,9.65,9.79,9.24,9.56,54897332
12/20/2016,11.19,11.51,11.15,11.51,59314159
12/22/2016,11.65,11.75,11.47,11.6,36450756
12/28/2016,12.28,12.42,11.46,11.55,71254459
1/23/2017,9.68,10.06,9.68,9.91,27905681
1/27/2017,10.6,10.73,10.52,10.67,32719173
1/30/2017,10.62,10.68,10.3,10.61,37724991
2/2/2017,11.98,12.66,11.95,12.28,116324549
2/3/2017,12.37,12.5,12.04,12.24,60036740
2/16/2017,13.25,13.35,12.84,12.97,52502531
2/27/2017,14.27,15.35,14.27,15.2,95422869
3/8/2017,13.25,13.55,13.1,13.22,71294747
3/9/2017,13.45,13.45,13.11,13.33,45244233
3/29/2017,13.74,13.87,13.63,13.71,37863470
4/4/2017,14.31,14.67,14.03,14.16,58413020
4/11/2017,13.02,13.29,12.71,13.1,59916607
4/20/2017,12.98,13.15,12.88,13.11,41976064
4/21/2017,13.08,13.12,12.9,13,25689590
5/2/2017,11.73,11.76,10.3,10.32,268336455
5/9/2017,10.04,10.4,10.04,10.18,51017346
5/16/2017,11.66,12.77,11.63,12.75,164186884
5/22/2017,11.49,11.55,10.77,11.04,78696444
5/25/2017,11.01,11.01,10.8,10.98,33584259
6/9/2017,13.1,13.4,11.63,12.28,167454433
7/6/2017,12.94,13.32,12.665,13.02,88927822
7/7/2017,13.27,13.745,13.18,13.36,88392137
7/17/2017,14.03,14.12,13.51,13.8,71690790
7/18/2017,13.29,13.53,13.15,13.48,78366510
7/26/2017,15.13,15.65,14.4,14.76,236082958
8/1/2017,13.72,13.86,13.45,13.71,49149861
8/10/2017,12.7,12.92,12.11,12.12,83113365
8/15/2017,13.01,13.14,12.75,13.02,57990255
9/6/2017,13.02,13.08,12.75,12.86,34182430
9/13/2017,12.22,12.36,12.12,12.22,37210654
9/20/2017,13.07,13.8,12.8,13.74,102682437
9/27/2017,12.65,12.87,12.5,12.74,59947247
9/28/2017,12.76,12.84,12.55,12.74,35812311
10/5/2017,13.38,13.46,13.21,13.34,34758604
10/19/2017,13.85,14.04,13.69,13.95,33795708
11/14/2017,11.03,11.26,11,11.12,37245039
11/16/2017,11.13,11.32,11.13,11.25,31800408
11/17/2017,11.3,11.75,11.28,11.38,56775579
12/8/2017,10.15,10.2,9.92,9.94,34896958
12/13/2017,9.97,10.21,9.95,10.11,41494800
12/20/2017,11.1,11.18,10.8,10.98,31420328
1/3/2018,11.61,12.14,11.36,11.55,154066661
1/5/2018,12.19,12.22,11.66,11.88,63808946
1/18/2018,12.18,12.68,12.15,12.47,62086151
1/26/2018,12.7,12.95,12.62,12.95,44238971
2/9/2018,11.54,11.57,10.63,11.31,85458235
2/21/2018,12.12,12.12,11.72,11.72,40195847
2/22/2018,11.82,11.995,11.63,11.84,37886263
2/23/2018,11.95,12.16,11.94,12.07,33317579
2/26/2018,12.14,12.43,12.05,12.42,42265208
3/7/2018,11.58,12.82,11.55,12.24,127603194
3/12/2018,11.76,11.82,11.48,11.52,83748671
3/29/2018,9.94,10.08,9.81,10.05,48681415
4/4/2018,9.08,9.81,9.04,9.77,67356888
4/11/2018,9.87,10.03,9.79,9.82,29169324
4/13/2018,10.2,10.22,9.88,9.93,38935658
4/26/2018,10.87,11.19,10.61,11.04,145284090
5/15/2018,12.18,12.46,12.16,12.45,44183179
6/1/2018,13.98,14.4,13.92,14.4,71677869
6/7/2018,15.83,15.97,14.85,14.89,99860297
6/8/2018,14.52,15.33,14.31,15.25,81930486
6/12/2018,15.84,15.95,15.43,15.85,67002592
6/14/2018,16.62,16.79,15.58,16.25,113048551
6/19/2018,16.85,17.29,16.31,16.69,92542859
6/20/2018,16.83,17.13,16.37,16.52,76280646
6/29/2018,15.41,15.49,14.98,14.99,41527791
7/2/2018,14.8,15.18,14.74,15.16,43309642
7/3/2018,15.21,15.34,14.96,15,32094031
7/5/2018,15.13,15.5,15.02,15.5,40703271
7/10/2018,16.59,16.65,16.31,16.55,37092975
7/11/2018,16.15,16.53,16.02,16.27,42544103
7/19/2018,16.71,16.88,16.55,16.71,41267829
8/3/2018,18.94,19.0566,18.37,18.49,53232065
8/8/2018,19.46,19.77,19.255,19.58,52081364
8/9/2018,19.58,19.71,19.08,19.1,46653358
8/21/2018,19.98,20.415,19.86,20.4,55628983
8/27/2018,24.94,27.3,24.6261,25.26,325058416
8/29/2018,24.36,25.41,24.01,25.2,143223187
9/10/2018,28.15,29.925,27.84,29.89,162253798
9/21/2018,31.19,32.42,30.91,31.02,129792949
9/26/2018,32.4,32.6,31.72,32.19,79347320
10/4/2018,27.99,28.83,27.37,27.78,95831156
10/5/2018,28.07,28.47,26.93,27.35,88008487
10/10/2018,27.38,27.4,24.91,25,147682923
10/25/2018,17.92,20.15,17.72,19.27,189173672
10/31/2018,17.87,18.34,17.12,18.21,110463663
11/1/2018,18.41,20.33,18.08,20.22,136896463
11/6/2018,19.5,21.65,19.48,20.68,144995728
11/14/2018,20.18,21.11,19.7599,20.81,106344252
12/6/2018,20.22,21.41,20.06,21.3,103434674
1/9/2019,20.89,21.44,20.07,20.19,163944073
2/21/2019,24.04,24.33,23.85,23.92,49608176
2/22/2019,24.05,24.36,23.88,24.36,52650728
3/15/2019,23.1,23.65,23.01,23.29,46519912
3/22/2019,27.54,27.75,26.33,26.37,115323257
3/26/2019,26.69,26.98,25.46,25.69,75754079
3/29/2019,25.58,25.73,25.25,25.52,53502807
4/11/2019,27.81,28.05,27.46,27.79,44801179
4/12/2019,28.21,28.38,27.66,27.85,41048838
4/24/2019,28.1,28.85,27.93,28.46,51784738
5/10/2019,27.03,28.1,26.93,27.96,82930144
5/14/2019,26.53,27.48,26.15,27.32,82980397
5/15/2019,26.87,27.79,26.73,27.58,55689874
5/16/2019,27.37,28.37,27.2699,28.01,67330064
6/6/2019,29.87,31.98,29.84,31.82,131267796
6/7/2019,31.94,32.6,31.57,32.41,86841098
6/11/2019,33.43,33.49,31.82,32.41,82834914
6/12/2019,32,32.57,31.92,32.18,56298671
7/11/2019,33.91,34,32.76,33.06,63081800
7/12/2019,32.76,33.39,32.59,33.21,51509682
8/6/2019,28.86,29.05,28.2,28.86,60578444
8/7/2019,28.47,29.28,28.37,29.19,58577543
8/12/2019,34.16,34.65,32.08,32.43,106936040
8/28/2019,29.92,31.1801,29.7,30.78,55896445
9/10/2019,30.22,30.38,29.77,30.23,48604766
9/12/2019,30.08,30.84,29.95,30.21,53618344
9/17/2019,31.07,31.32,30.74,30.99,35125750
9/27/2019,29.17,29.77,28.35,28.72,54144672
10/8/2019,28.55,28.64,27.92,28.23,44432078
10/10/2019,28.51,28.89,28,28.38,41171995
10/21/2019,31.5,32.26,31.41,32.03,52182779
10/24/2019,31.58,31.86,31.34,31.72,28448977
10/30/2019,32.93,33.34,32.035,33.13,78228769
11/13/2019,36.65,37.96,36.5779,37.52,69178093
11/21/2019,40.42,40.7095,38.64,39.52,88069355
11/29/2019,39.1,39.515,39.02,39.15,17609932
12/2/2019,39.32,39.41,38.44,38.73,37942678
12/9/2019,39.46,39.84,38.91,38.93,28035391
12/12/2019,39.4,42.62,39.25,42.59,87398169
12/13/2019,42.35,42.95,41.06,41.15,79985411
12/17/2019,42.51,43.105,42.15,42.77,44935574
12/18/2019,42.79,43.06,42.24,42.3,39182983
1/2/2020,46.86,49.25,46.63,49.1,80764599
1/17/2020,50.2,51.05,49.9,50.93,57722501
1/24/2020,52.2803,52.81,49.47,50.35,80004909
1/27/2020,48.45,49.79,47.9,49.26,48878578
1/31/2020,48.4,48.58,46.79,47,60322431
2/5/2020,50.29,50.42,49.31,49.84,42737104
2/14/2020,55.19,55.4,54.56,55.31,52365370
3/13/2020,42.2,43.91,39.6,43.9,86689681
3/23/2020,40.62,42.32,38.95,41.64,101704663
5/11/2020,52.9,55.89,52.75,55.74,68106492
5/26/2020,56.01,56.08,53.02,53.19,51618865
6/10/2020,57.2,59,57.03,57.44,78351946
6/17/2020,54.79,55.82,54.3,54.55,45146545
7/15/2020,54.92,55.37,53.59,55.34,42376779
7/20/2020,55.23,57.53,54.83,57.46,45034650
7/31/2020,78.67,78.96,75.36,77.43,71699667
8/3/2020,78.19,78.5,77.06,77.67,42520205
8/18/2020,82.8,82.88,81.03,81.66,30826356
9/8/2020,78.05,81.88,78,78.69,54675649
9/9/2020,81.4,82.44,79.28,81.91,53926542
9/10/2020,83.07,83.31,78.38,78.98,51499396
9/17/2020,74.88,76.625,74.2,76.55,55503348
9/23/2020,77.39,77.91,74.34,74.73,42139520
10/9/2020,84.74,85.75,82.3465,83.1,80354389
10/16/2020,83.54,83.99,82.41,83.17,31474294
11/5/2020,83.27,83.5,81.85,83,46208380
11/12/2020,81.32,83,80.3,81.84,37303106
11/17/2020,83.9298,84.81,82.91,83.36,29473512
11/19/2020,82.39,85.64,81.72,85.54,50116759
11/27/2020,87.99,88,86.3598,87.19,22717638
12/18/2020,97.27,97.68,93.56,95.92,51823103
12/21/2020,94.25,95.28,91.08,93.23,47093891
12/24/2020,91.8,92.51,91.31,91.81,16705909
12/31/2020,92.1,92.3,90.87,91.71,24930684
1/4/2021,92.11,96.06,90.915,92.3,51802552
1/25/2021,94.14,95.74,91.4,94.13,54842531
1/28/2021,89.83,89.88,87.3,87.52,46765738
1/29/2021,87.56,88.33,85.02,85.64,56735828
2/5/2021,88.15,88.36,86.875,87.9,30268677
2/9/2021,91.39,93.3,90.55,90.91,37596446
2/10/2021,91.5,93.27,90.46,92.35,42232296
2/16/2021,93.9,94,90.7499,91.46,35105917
2/18/2021,89.09,89.6,87.31,88.64,35624948
3/1/2021,85.365,86.5,83.97,86.39,32746181
3/9/2021,76.73,79.215,75.77,78.53,45088336
3/16/2021,83.66,84.75,82.255,82.75,42518181
3/22/2021,79.99,81.265,79.22,80.3,39648614
3/23/2021,80.13,80.34,77.95,78.38,39347113
4/13/2021,79.67,80.72,78.98,80.19,37767257
5/10/2021,78.2,78.3,75.92,75.99,44902788
5/26/2021,77.83,78.59,77.59,78.34,30240030
5/28/2021,78.66,81.09,78.66,80.08,40952663
6/1/2021,81.01,82.91,80.66,80.81,43433042
6/8/2021,81.87,82.645,80.45,80.89,26956625
6/18/2021,84.28,85.77,83.48,84.65,58736805
6/28/2021,86.38,88,86.15,87.08,29928589
7/6/2021,94.875,95.41,93.32,94.47,44142209
7/7/2021,95.02,95.44,90.31,90.54,51311396
7/14/2021,90.76,91.395,88.94,89.05,28108505
7/15/2021,89.78,89.78,86.1801,86.93,38944741
7/22/2021,89.4,91.36,89.08,91.21,33730078
8/6/2021,110.55,116.2599,109.7,110.11,143899026
8/11/2021,107.6,109.79,105.62,107.68,91788289
8/17/2021,106.6435,108.7,105.35,107.56,73908038
9/7/2021,109.955,110.58,108.66,109.15,28644688
9/8/2021,108.88,109.3,105.52,106.17,42652179
9/13/2021,105.26,105.28,102.63,104.8,37525911
9/17/2021,105.555,105.98,103.71,103.88,44370484
9/24/2021,105.185,106.0499,104.68,105.8,26391913
9/27/2021,105.065,108.44,103.44,108.16,51760088
9/30/2021,102.08,104.44,101.99,102.9,57477775
10/1/2021,102.6,103,100.64,102.45,41183697
10/5/2021,100.92,102.8699,100.6101,101.81,31055186
10/6/2021,100.445,103.72,100.35,103.64,38842550
10/26/2021,122.99,127.2,122.5782,122.93,57612819
10/28/2021,122.855,123.5,120.26,121.16,57740757
10/29/2021,120.95,122.57,119.88,120.23,41359821
11/3/2021,127.75,130.6,126.7901,130.53,58675261
11/8/2021,137.7,153.6,137.7,150.16,140976395
12/17/2021,136.3,142.04,136.11,137.75,55461560
12/20/2021,135.97,138.26,133.52,135.8,37947482
12/22/2021,142.65,144.5,140.27,143.88,46605150
12/29/2021,152.82,154.3399,147.29,148.26,51022427
1/31/2022,107.93,114.31,106.9,114.25,96479289
2/1/2022,116.75,117.26,112.73,116.78,115634134
2/8/2022,122.38,128.705,122.05,128.23,84414277
2/16/2022,119.05,119.54,114.22,117.69,115150190
2/22/2022,115.27,119.2,113.61,115.65,135448856
3/4/2022,112,113,106.81,108.41,100512702
3/15/2022,102.66,109.69,101.79,109.33,112180098
3/28/2022,117.7,120.41,116.71,120.24,90742648
4/21/2022,95.16,96.23,89.24,89.85,76457254
